RefNo,Time_Stamp,X_Acceleration,Y_Acceleration,Z_Acceleration,AmbientTemp,BeltTemp,MotorCurrent,DrivenRPM,DriveRPM,,
19,2019_04_08 14:45:43,4.5503,0.5884,8.4337,32.09,32.13,7.959,840,810,,
20,2019_04_08 14:45:43,3.6481,-3.3343,8.1591,32.09,32.17,7.422,870,870,,
21,2019_04_08 14:45:46,0.5099,-3.295,7.8061,32.09,32.17,8.105,780,840,,
22,2019_04_08 14:45:47,-0.4707,-0.7453,7.3354,32.11,32.27,8.35,840,840,,
23,2019_04_08 14:45:48,3.2558,-3.0204,9.2183,32.05,32.19,8.105,780,810,,
24,2019_04_08 14:45:49,3.2558,-1.8437,8.6691,32.05,32.21,8.496,840,810,,
25,2019_04_08 14:45:50,2.1575,-0.1177,8.7475,32.09,32.25,7.715,780,840,,
26,2019_04_08 14:45:51,0.7453,0.9414,7.4531,32.05,32.21,7.568,810,840,,
27,2019_04_08 14:45:52,1.5298,-1.7652,7.9238,32.09,32.25,7.178,810,780,,
28,2019_04_08 14:45:53,3.6088,-0.4315,8.5122,32.05,32.31,7.227,780,840,,
29,2019_04_08 14:45:54,-0.4707,0.4707,6.9039,32.05,32.33,8.301,840,810,,
30,2019_04_08 14:45:55,2.7066,1.0199,8.5906,32.11,32.35,7.813,780,810,,
31,2019_04_08 14:45:56,1.9221,-2.4713,8.1199,32.05,32.31,8.203,780,840,,
32,2019_04_08 14:45:57,-1.6867,-3.4912,7.1392,32.05,32.31,7.275,840,780,,
33,2019_04_08 14:45:58,1.0199,-2.0006,7.4923,32.03,32.27,7.275,780,840,,
34,2019_04_08 14:45:59,0.3138,-3.0204,7.2569,32.03,32.27,7.422,780,840,,
35,2019_04_08 14:46:00,-0.6276,-3.2558,7.7276,32.03,32.33,7.715,840,780,,
36,2019_04_08 14:46:01,-1.5691,-2.3928,7.4531,32.05,32.39,7.129,780,840,,
37,2019_04_08 14:46:02,3.2558,-2.2359,8.6691,32.05,32.31,8.301,780,780,,
38,2019_04_08 14:46:03,-0.0392,0.0392,7.7276,32.03,32.35,7.666,810,840,,
39,2019_04_08 14:46:04,-0.7845,-2.9028,7.8061,32.03,32.33,7.568,810,780,,
40,2019_04_08 14:46:05,-1.2945,-0.6669,7.2177,32.01,32.39,7.324,780,810,,
41,2019_04_08 14:46:06,1.8044,-2.3536,8.2768,32.01,32.31,7.129,780,810,,
42,2019_04_08 14:46:07,0,0.5492,8.5122,32.03,32.41,7.666,780,780,,
43,2019_04_08 14:46:08,2.8243,0.1569,9.0221,32.03,32.35,8.301,780,840,,
44,2019_04_08 14:46:09,7.2569,-1.4906,8.5122,32.05,32.39,7.764,810,780,,
45,2019_04_08 14:46:10,-2.0398,-0.5099,7.2961,32.03,32.39,7.324,810,810,,
46,2019_04_08 14:46:11,0.5492,-2.1575,7.4923,32.03,32.41,7.129,780,810,,
47,2019_04_08 14:46:12,2.7459,-1.0591,8.4729,32.03,32.45,7.666,780,780,,
48,2019_04_08 14:46:13,4.0796,-1.4906,8.5122,31.99,32.41,8.057,780,840,,
49,2019_04_08 14:46:14,-0.353,-1.3729,7.3746,32.03,32.41,7.764,780,780,,
50,2019_04_08 14:46:15,0.5884,-1.7652,7.7276,32.03,32.41,8.154,780,780,,
51,2019_04_08 14:46:16,7.2569,-2.9028,9.4928,32.01,32.35,7.666,780,840,,
52,2019_04_08 14:46:17,6.1586,-0.9022,8.3553,32.03,32.45,7.275,780,780,,
53,2019_04_08 14:46:18,1.0199,-5.531,8.4729,32.01,32.45,7.91,780,780,,
54,2019_04_08 14:46:19,0.3923,-0.1177,8.0807,31.99,32.47,7.959,780,780,,
55,2019_04_08 14:46:20,0.1569,1.1768,8.1984,32.01,32.45,7.471,780,840,,
56,2019_04_08 14:46:21,1.1376,-2.1182,7.6884,32.01,32.47,7.959,780,780,,
57,2019_04_08 14:46:22,0.6276,-1.4122,8.2376,32.01,32.45,7.471,780,780,,
58,2019_04_08 14:46:23,-1.3337,-2.6674,7.6884,32.01,32.45,7.178,780,780,,
59,2019_04_08 14:46:24,-0.6276,-2.1182,8.9437,31.97,32.55,8.154,780,840,,
60,2019_04_08 14:46:25,-1.1376,-2.3536,8.1199,31.99,32.55,7.422,780,780,,
61,2019_04_08 14:46:26,3.0597,-1.2945,8.6691,31.97,32.53,6.885,780,780,,
62,2019_04_08 14:46:27,-0.0392,-1.9221,7.1785,31.99,32.55,7.715,780,780,,
63,2019_04_08 14:46:28,0.863,-2.432,7.4531,31.99,32.61,8.008,780,840,,
64,2019_04_08 14:46:29,1.5691,-1.2945,8.1591,31.99,32.61,7.031,780,780,,
65,2019_04_08 14:46:30,2.4713,-0.7845,7.5707,31.95,32.53,7.568,780,780,,
66,2019_04_08 14:46:31,0.1177,-2.5105,7.3746,31.99,32.53,7.422,780,780,,
67,2019_04_08 14:46:32,0.7453,-0.9807,8.2376,31.95,32.53,7.373,780,780,,
68,2019_04_08 14:46:33,3.1381,-0.353,8.8652,31.99,32.59,7.08,780,810,,
69,2019_04_08 14:46:34,1.4122,-2.3144,7.8453,31.97,32.67,8.154,780,810,,
70,2019_04_08 14:46:35,-1.3337,-0.6276,8.0807,31.97,32.63,7.764,780,780,,
71,2019_04_08 14:46:36,-0.2746,-2.5497,7.2177,31.99,32.59,6.982,780,780,,
72,2019_04_08 14:46:37,-1.2553,-0.2746,7.3746,31.99,32.63,7.275,750,780,,
73,2019_04_08 14:46:38,2.0006,-0.9807,8.2376,31.95,32.61,8.008,750,780,,
74,2019_04_08 14:46:39,0.6276,-2.1182,7.61,31.99,32.61,7.715,780,780,,
75,2019_04_08 14:46:40,-1.0199,-0.5492,7.2961,31.95,32.67,7.52,780,780,,
76,2019_04_08 14:46:41,1.4122,-1.6475,7.5707,31.99,32.61,7.129,780,780,,
77,2019_04_08 14:46:42,0.7845,-2.432,7.8453,31.97,32.61,6.934,780,810,,
78,2019_04_08 14:46:43,4.0796,-2.3144,7.8453,31.99,32.63,7.764,780,810,,
79,2019_04_08 14:46:44,4.5503,1.1768,7.8061,31.97,32.69,7.129,720,780,,
80,2019_04_08 14:46:45,0.2354,-1.2945,7.963,31.95,32.61,7.52,780,780,,
81,2019_04_08 14:46:46,-2.3144,-2.9028,8.0022,31.99,32.63,7.178,780,780,,
82,2019_04_08 14:46:47,-1.2553,-0.9807,7.4923,31.95,32.69,8.057,780,780,,
83,2019_04_08 14:46:48,0.9414,-2.6282,7.1392,31.97,32.69,8.057,750,780,,
84,2019_04_08 14:46:49,-0.1961,-1.216,6.9039,31.93,32.69,7.373,750,780,,
85,2019_04_08 14:46:50,3.9227,-2.0398,8.7475,31.97,32.67,7.031,780,780,,
86,2019_04_08 14:46:51,-1.1768,-1.4906,7.0216,31.95,32.69,6.982,780,780,,
87,2019_04_08 14:46:52,1.3729,-1.726,7.963,31.91,32.61,7.617,750,780,,
88,2019_04_08 14:46:53,1.726,-0.7061,7.1392,31.93,32.63,7.666,750,780,,
89,2019_04_08 14:46:54,-0.1961,-1.1376,7.3746,31.93,32.63,7.471,780,780,,
90,2019_04_08 14:46:55,-1.0591,-1.1768,7.8061,31.95,32.67,7.275,780,780,,
91,2019_04_08 14:46:56,2.1967,-1.8044,7.6884,31.97,32.69,8.057,750,780,,
92,2019_04_08 14:46:57,1.6083,-2.3928,7.963,31.95,32.71,6.836,750,780,,
93,2019_04_08 14:46:58,1.2945,-1.8437,7.9238,31.93,32.69,7.617,780,750,,
94,2019_04_08 14:46:59,2.2751,-1.1768,8.5906,31.93,32.69,7.959,780,780,,
95,2019_04_08 14:47:00,-0.5884,-2.1967,7.7276,31.93,32.71,7.422,720,750,,
96,2019_04_08 14:47:01,2.9028,-1.4906,8.1984,31.93,32.75,7.52,780,780,,
97,2019_04_08 14:47:02,-1.1376,-3.0204,7.8061,31.93,32.67,6.934,780,780,,
98,2019_04_08 14:47:03,0.5492,-1.6475,8.0022,31.95,32.75,7.813,720,780,,
99,2019_04_08 14:47:04,3.6481,-0.5492,8.5122,31.95,32.71,7.471,780,780,,
100,2019_04_08 14:47:05,-0.6669,1.0199,7.4923,31.97,32.77,7.52,780,780,,
101,2019_04_08 14:47:06,1.3337,-2.0398,9.5713,31.95,32.77,7.666,720,780,,
102,2019_04_08 14:47:07,3.0989,-2.4713,7.9238,31.95,32.75,7.91,780,780,,
103,2019_04_08 14:47:08,0.863,-3.7265,7.2177,31.95,32.75,7.617,780,780,,
104,2019_04_08 14:47:09,-2.2359,-0.7453,7.3354,31.95,32.75,7.91,750,780,,
105,2019_04_08 14:47:10,0.5492,-2.3536,7.1785,31.93,32.71,7.813,750,780,,
106,2019_04_08 14:47:11,0.7061,0.3923,8.316,31.95,32.81,7.178,780,750,,
107,2019_04_08 14:47:12,1.5298,-0.6276,8.0807,31.99,32.83,7.666,720,750,,
108,2019_04_08 14:47:13,1.7652,-1.9613,8.5906,31.95,32.77,6.836,720,750,,
109,2019_04_08 14:47:14,2.3928,-1.3729,8.0807,31.95,32.75,6.885,780,750,,
110,2019_04_08 14:47:15,-2.0398,-1.5298,7.2177,31.97,32.83,8.057,720,780,,
111,2019_04_08 14:47:16,2.5105,-1.3337,8.5514,31.97,32.77,7.275,780,780,,
112,2019_04_08 14:47:17,1.9221,-2.432,8.3945,31.97,32.83,6.738,780,780,,
113,2019_04_08 14:47:18,2.5497,-3.4127,7.7669,31.97,32.83,6.787,720,780,,
114,2019_04_08 14:47:19,-0.5492,-2.3536,7.9238,31.97,32.97,7.324,780,750,,
115,2019_04_08 14:47:20,-0.1569,-2.2751,6.9823,31.97,32.83,7.617,720,750,,
116,2019_04_08 14:47:21,-0.8238,-1.3729,7.1785,31.97,32.83,7.324,780,780,,
117,2019_04_08 14:47:22,1.9221,-1.6083,8.2768,31.95,32.81,6.738,780,780,,
118,2019_04_08 14:47:23,1.4514,-1.0983,7.7276,31.97,32.89,7.666,720,780,,
119,2019_04_08 14:47:24,1.726,-2.2359,7.6884,31.93,32.85,7.471,780,780,,
120,2019_04_08 14:47:25,3.2166,-2.432,8.7868,31.93,32.83,6.934,720,720,,
121,2019_04_08 14:47:26,0.5099,-5.021,7.8453,31.97,32.95,7.764,780,780,,
122,2019_04_08 14:47:27,-1.8044,-1.7652,7.963,31.97,32.95,7.422,720,780,,
123,2019_04_08 14:47:28,0.5884,-2.7851,7.1,31.95,32.89,7.373,780,780,,
124,2019_04_08 14:47:29,0.353,-1.6475,7.6884,31.95,32.91,-0.146,360,360,,
126,2019_04_08 14:59:31,-0.9807,0.6276,7.3354,31.71,31.91,7.959,780,810,,
127,2019_04_08 14:59:32,2.0398,-0.6276,7.2569,31.71,31.95,7.715,780,810,,
128,2019_04_08 14:59:32,-1.6083,-0.9022,6.9823,31.71,31.95,8.594,840,840,,
129,2019_04_08 14:59:33,0.1177,0.3138,8.0807,31.71,31.99,7.764,780,780,,
130,2019_04_08 14:59:34,-1.3337,-2.3144,7.7669,31.69,31.95,7.91,780,780,,
131,2019_04_08 14:59:34,2.5497,-2.3536,8.0022,31.73,31.97,8.496,840,840,,
132,2019_04_08 14:59:35,0.2746,-1.4122,7.8845,31.71,31.95,7.959,780,810,,
133,2019_04_08 14:59:35,1.726,-0.8238,7.7276,31.71,31.95,7.715,780,810,,
134,2019_04_08 14:59:36,0.6669,-1.4122,7.8453,31.71,31.97,8.594,840,840,,
135,2019_04_08 14:59:36,0.0785,-0.6276,7.8061,31.69,31.97,7.764,780,780,,
136,2019_04_08 14:59:37,3.6481,-0.863,9.5713,31.69,32.11,8.398,780,840,,
137,2019_04_08 14:59:37,-0.5884,-0.9414,6.9039,31.71,32.03,7.813,780,780,,
138,2019_04_08 14:59:38,2.2751,-1.5691,8.2768,31.71,32.03,8.301,840,840,,
139,2019_04_08 14:59:38,-1.216,0.6276,7.1392,31.69,31.99,7.764,780,780,,
140,2019_04_08 14:59:39,2.8243,-2.589,7.6492,31.73,32.03,7.568,780,840,,
141,2019_04_08 14:59:39,1.6867,-1.4514,8.1199,31.67,32.09,8.301,780,780,,
142,2019_04_08 14:59:40,-0.863,-1.726,7.5707,31.69,32.13,8.545,810,840,,
143,2019_04_08 14:59:41,3.2166,-1.0199,9.179,31.71,32.17,7.471,810,780,,
144,2019_04_08 14:59:41,0.863,0.3138,7.8061,31.69,32.03,7.617,720,780,,
145,2019_04_08 14:59:42,-0.7845,0.0392,8.3945,31.69,32.05,8.008,780,840,,
146,2019_04_08 14:59:42,1.0591,-1.1768,7.9238,31.71,32.09,8.496,780,780,,
147,2019_04_08 14:59:43,1.2945,-0.9807,8.1591,31.71,31.95,8.398,780,780,,
148,2019_04_08 14:59:43,0.353,-0.9807,7.7276,31.73,32.03,8.203,780,840,,
149,2019_04_08 14:59:44,-1.8829,-0.5099,7.9238,31.73,32.09,7.275,1080,780,,
150,2019_04_08 14:59:45,2.9028,-2.7851,8.1984,31.71,31.99,7.764,120,780,,
151,2019_04_08 14:59:46,0.2354,-2.432,8.316,31.71,31.99,7.422,840,780,,
152,2019_04_08 14:59:47,3.7265,-1.4514,8.5122,31.71,32.13,7.373,780,810,,
153,2019_04_08 14:59:48,0.0785,-3.0597,8.7475,31.69,32.05,7.52,780,810,,
154,2019_04_08 14:59:49,-0.2746,-0.5884,7.8453,31.73,32.03,7.617,780,780,,
155,2019_04_08 14:59:50,3.6481,-2.8243,8.0415,31.71,32.13,8.203,780,780,,
156,2019_04_08 14:59:51,4.6287,-2.2751,9.6105,31.69,32.05,7.959,780,780,,
157,2019_04_08 14:59:52,0.0392,-1.726,7.8453,31.71,32.05,8.203,900,780,,
158,2019_04_08 14:59:53,0.3923,-1.726,7.4923,31.71,32.09,7.227,900,780,,
159,2019_04_08 14:59:54,1.0591,-2.8243,7.5315,31.73,32.19,7.715,1020,780,,
160,2019_04_08 14:59:55,0.9022,-3.4912,7.9238,31.69,32.11,8.105,960,780,,
161,2019_04_08 14:59:56,0.5492,-1.0199,7.9238,31.71,32.09,7.666,720,780,,
162,2019_04_08 14:59:57,4.7464,-0.353,8.5514,31.69,32.17,8.154,780,780,,
163,2019_04_08 14:59:58,0.1961,0.0392,8.6299,31.69,32.17,8.252,960,780,,
164,2019_04_08 14:59:59,-1.726,-1.1768,7.1392,31.69,32.19,7.275,960,780,,
165,2019_04_08 15:00:00,0.7845,-3.0597,7.8061,31.71,32.17,7.52,600,780,,
166,2019_04_08 15:00:01,0.3138,-1.1768,7.1392,31.71,32.13,7.129,780,780,,
167,2019_04_08 15:00:02,0.5492,-1.0983,7.5707,31.71,32.11,7.813,780,780,,
168,2019_04_08 15:00:03,1.4122,-3.9227,8.2376,31.69,32.11,7.031,780,780,,
169,2019_04_08 15:00:04,-1.8829,-1.9613,7.3746,31.69,32.19,8.105,720,780,,
170,2019_04_08 15:00:05,1.726,-0.1177,7.8453,31.69,32.19,7.959,780,780,,
171,2019_04_08 15:00:06,2.6282,-0.4707,7.6492,31.71,32.21,8.057,840,780,,
172,2019_04_08 15:00:07,0.4315,-0.863,7.61,31.71,32.31,7.324,720,780,,
247,2019_04_08 15:01:23,2.0398,-1.1376,8.2376,31.83,32.71,6.885,1260,720,,
248,2019_04_08 15:01:23,0.3138,-0.8238,8.0807,31.81,32.67,7.422,1260,720,,
249,2019_04_08 15:01:25,-0.2354,-0.4315,7.963,31.87,32.69,7.129,900,720,,
250,2019_04_08 15:01:25,1.7652,0.6276,8.4337,31.81,32.63,6.934,1080,720,,
251,2019_04_08 15:01:27,2.3928,-1.6475,8.5514,31.81,32.67,7.373,1140,720,,
252,2019_04_08 15:01:27,-0.3923,-0.6669,7.7669,31.87,32.69,7.422,960,720,,
253,2019_04_08 15:01:29,3.9619,-1.2553,8.9044,31.87,32.67,7.373,1200,720,,
254,2019_04_08 15:01:30,1.8044,-1.4906,7.963,31.83,32.61,7.227,1260,720,,
255,2019_04_08 15:01:31,4.7856,-3.1774,8.9437,31.87,32.63,7.422,1080,720,,
256,2019_04_08 15:01:32,-0.863,-1.0983,7.9238,31.83,32.63,7.666,660,690,,
258,2019_04_08 15:01:34,0.6669,-0.7453,8.5514,31.87,32.61,7.568,1140,720,,
259,2019_04_08 15:01:35,-0.2354,-1.4906,8.0022,31.87,32.63,6.689,1080,720,,
260,2019_04_08 15:01:36,1.1768,-0.3923,8.0022,31.87,32.67,7.666,600,720,,
262,2019_04_08 15:01:38,0.3138,-3.3343,7.9238,31.87,32.69,7.422,780,720,,
263,2019_04_08 15:01:39,-0.5884,-0.353,7.963,31.87,32.71,6.885,780,690,,
264,2019_04_08 15:01:40,0.9022,-0.9414,7.8453,31.87,32.71,7.129,720,690,,
266,2019_04_08 15:01:42,-0.4315,-0.9414,7.4531,31.87,32.61,7.227,1020,720,,
267,2019_04_08 15:01:43,1.0591,-1.3729,8.0415,31.89,32.69,7.617,720,660,,
268,2019_04_08 15:01:44,0.0392,-1.6867,7.963,31.89,32.67,7.275,870,720,,
269,2019_04_08 15:01:45,-1.1376,-0.3138,7.5707,31.83,32.71,6.934,990,720,,
270,2019_04_08 15:01:46,3.6873,-1.9613,8.4337,31.87,32.69,6.836,1080,660,,
271,2019_04_08 15:01:47,2.1182,-3.2558,8.2768,31.83,32.61,6.592,960,720,,
272,2019_04_08 15:01:48,0.6669,-2.3536,7.7276,31.87,32.67,6.738,1080,690,,
273,2019_04_08 15:01:49,0.0785,-2.1575,7.3354,31.87,32.63,7.52,1320,690,,
274,2019_04_08 15:01:50,-0.0785,-2.2359,7.6884,31.87,32.71,7.422,720,720,,
275,2019_04_08 15:01:51,0.353,-3.1774,7.6492,31.89,32.83,7.666,1140,660,,
276,2019_04_08 15:01:52,1.3729,-1.8437,7.4923,31.89,32.71,7.617,1440,720,,
277,2019_04_08 15:01:53,3.0204,-1.3729,8.4337,31.89,32.71,7.471,600,690,,
301,2019_04_08 15:02:17,0.2354,-1.7652,7.5707,31.95,32.77,7.08,720,660,,
302,2019_04_08 15:02:18,2.079,-1.6083,8.316,31.93,32.77,7.275,660,720,,
303,2019_04_08 15:02:19,0.3138,-1.2553,7.7669,31.91,32.91,7.373,660,660,,
304,2019_04_08 15:02:20,1.7652,-1.4122,8.3553,31.97,32.91,7.178,660,720,,
305,2019_04_08 15:02:21,1.5691,-2.7459,7.6492,31.93,32.77,7.471,720,660,,
306,2019_04_08 15:02:22,0.9022,-2.1575,7.5315,31.93,32.85,6.689,660,690,,
307,2019_04_08 15:02:23,-0.2354,-2.1575,7.8061,31.93,32.77,7.52,660,690,,
308,2019_04_08 15:02:24,0.7061,-2.3928,7.5315,31.91,32.95,7.617,660,660,,
309,2019_04_08 15:02:25,1.2945,-0.7453,7.5707,31.91,32.75,7.422,660,720,,
310,2019_04_08 15:02:26,0.353,-1.4906,7.61,31.93,32.89,6.934,720,660,,
311,2019_04_08 15:02:27,-0.1961,-1.726,8.3945,31.93,32.99,7.275,660,690,,
312,2019_04_08 15:02:28,0.9414,-0.2354,8.6299,31.93,32.97,7.275,660,690,,
313,2019_04_08 15:02:29,2.7459,-1.7652,7.8453,31.93,32.85,7.129,660,660,,
314,2019_04_08 15:02:30,0.9022,-3.7658,8.1591,31.93,32.81,6.641,690,720,,
315,2019_04_08 15:02:31,0.353,-1.0199,7.8453,31.91,32.91,7.324,690,660,,
316,2019_04_08 15:02:32,0.2746,-0.353,7.4531,31.95,32.83,7.178,660,720,,
317,2019_04_08 15:02:33,1.8044,-2.5497,7.9238,31.93,32.83,6.885,660,660,,
318,2019_04_08 15:02:34,0.5099,-3.0989,7.4138,31.93,32.85,7.129,660,660,,
319,2019_04_08 15:02:35,0.5884,-0.3138,8.0022,31.95,32.91,6.592,660,720,,
320,2019_04_08 15:02:36,0.8238,-1.9613,8.0807,31.93,32.95,7.275,660,660,,
321,2019_04_08 15:02:37,1.9221,-2.3536,7.6492,31.97,32.91,7.422,720,660,,
322,2019_04_08 15:02:38,0.9807,-3.7658,7.3354,31.99,32.91,7.568,660,720,,
323,2019_04_08 15:02:39,1.3729,-2.1182,7.3746,31.97,32.97,7.568,660,660,,
324,2019_04_08 15:02:40,0.0392,-0.4315,7.2569,31.97,32.89,6.299,660,660,,
325,2019_04_08 15:02:41,0.0392,-0.863,7.9238,31.95,32.95,7.129,660,720,,
326,2019_04_08 15:02:42,0.8238,-1.9613,8.3553,31.97,33.03,6.641,660,660,,
327,2019_04_08 15:02:43,1.0199,-2.3928,7.9238,31.95,32.91,7.568,660,660,,
328,2019_04_08 15:02:44,1.3729,-1.0591,7.6884,31.95,32.81,7.227,660,660,,
329,2019_04_08 15:02:45,0.6669,-1.4122,7.7669,31.97,32.91,6.836,660,720,,
330,2019_04_08 15:02:46,0.1961,0.7061,8.0807,31.95,32.85,7.08,660,660,,
331,2019_04_08 15:02:47,0.5099,-2.4713,7.7276,31.97,32.97,7.227,660,660,,
332,2019_04_08 15:02:48,0.0392,-2.5497,7.963,31.97,32.91,6.592,660,690,,
333,2019_04_08 15:02:49,1.5691,-0.6669,8.0022,31.97,32.91,7.422,660,690,,
334,2019_04_08 15:02:50,1.1768,-0.6276,8.0807,31.97,32.97,7.471,660,660,,
335,2019_04_08 15:02:51,2.0006,-1.216,8.7083,31.99,32.95,7.227,660,660,,
336,2019_04_08 15:02:52,1.7652,-2.1575,8.0415,31.95,32.95,7.568,660,660,,
337,2019_04_08 15:02:53,1.1376,-0.1961,7.7276,31.97,32.99,7.422,660,660,,
338,2019_04_08 15:02:54,0.9807,-1.4514,8.0022,31.95,32.83,7.178,660,720,,
339,2019_04_08 15:02:55,3.6088,-0.1177,7.8845,31.97,33.03,-0.146,600,600,,
345,2019_04_08 15:34:50,4.2365,-1.0199,8.8652,31.73,31.71,8.691,810,870,,
346,2019_04_08 15:34:53,0.5492,-1.2945,8.0415,31.71,31.71,7.959,810,780,,
347,2019_04_08 15:34:54,0.2354,0.8238,7.5707,31.71,31.81,8.154,810,810,,
348,2019_04_08 15:34:55,-0.1177,-4.3149,7.7276,31.71,31.75,8.105,780,810,,
349,2019_04_08 15:34:56,-1.4122,-1.5298,7.2569,31.71,31.83,8.594,780,780,,
350,2019_04_08 15:34:57,2.4713,-4.1188,7.2569,31.73,31.89,7.568,780,840,,
351,2019_04_08 15:34:58,-0.1961,-2.1967,7.61,31.73,31.81,7.715,780,780,,
352,2019_04_08 15:34:59,1.5691,-0.4315,8.0807,31.73,31.89,8.447,780,780,,
353,2019_04_08 15:35:00,1.0199,-2.0006,8.4337,31.75,31.75,7.568,780,840,,
354,2019_04_08 15:35:01,2.0006,-3.7658,6.8647,31.71,31.91,8.838,780,780,,
355,2019_04_08 15:35:02,4.0011,-1.2553,9.1398,31.75,31.89,7.568,780,780,,
356,2019_04_08 15:35:03,2.4713,-2.0006,8.0807,31.73,31.89,7.568,780,780,,
357,2019_04_08 15:35:04,1.5298,-1.5691,7.4923,31.75,31.89,7.91,780,810,,
358,2019_04_08 15:35:05,-0.3923,-0.863,7.5707,31.73,31.81,7.764,780,810,,
359,2019_04_08 15:35:06,-2.7066,-0.5884,7.61,31.73,31.89,8.008,780,780,,
360,2019_04_08 15:35:07,-0.9414,-1.8437,7.9238,31.73,31.89,7.422,780,780,,
361,2019_04_08 15:35:08,1.6867,-2.3144,8.316,31.73,31.83,7.764,780,780,,
362,2019_04_08 15:35:09,2.7459,-0.5492,7.5707,31.73,31.85,8.203,780,780,,
363,2019_04_08 15:35:10,1.5691,-3.0204,7.6884,31.73,31.89,7.715,720,780,,
364,2019_04_08 15:35:11,2.432,-2.1182,8.1591,31.71,31.89,7.52,780,780,,
365,2019_04_08 15:35:12,1.8437,-2.079,8.2376,31.77,31.85,7.91,780,780,,
366,2019_04_08 15:35:13,5.6486,0.2746,8.7475,31.73,31.89,7.764,750,780,,
367,2019_04_08 15:35:14,1.0199,-0.5492,7.8453,31.73,31.89,8.105,750,780,,
368,2019_04_08 15:35:15,1.8437,-2.1575,7.9238,31.75,31.91,8.35,780,780,,
369,2019_04_08 15:35:16,1.0199,-1.9613,7.4923,31.75,31.97,7.324,750,780,,
370,2019_04_08 15:35:17,3.9227,-2.1967,8.2376,31.75,31.99,8.154,750,750,,
371,2019_04_08 15:35:18,2.5497,-2.9028,7.5315,31.71,31.95,7.617,780,750,,
372,2019_04_08 15:35:19,-0.4707,-1.6867,8.0415,31.73,31.95,7.764,720,780,,
373,2019_04_08 15:35:20,-0.353,-1.8437,7.5707,31.75,31.97,7.471,780,780,,
374,2019_04_08 15:35:21,5.4917,-0.5884,9.0221,31.73,31.97,7.471,720,780,,
375,2019_04_08 15:35:22,-0.2746,-4.158,7.4531,31.71,31.97,7.129,780,780,,
376,2019_04_08 15:35:23,0,-1.7652,7.5315,31.75,31.99,7.52,750,720,,
377,2019_04_08 15:35:24,0.2354,-0.3923,7.7276,31.73,32.05,7.568,750,780,,
378,2019_04_08 15:35:25,1.6867,-0.9022,8.3945,31.73,32.03,7.617,750,780,,
379,2019_04_08 15:35:26,0.353,0.5884,7.2177,31.75,32.03,8.008,750,780,,
380,2019_04_08 15:35:27,2.3928,-1.0983,7.8453,31.75,31.99,8.301,720,720,,
381,2019_04_08 15:35:28,2.1182,-2.0398,8.1984,31.73,32.03,7.568,780,780,,
382,2019_04_08 15:35:29,0.9022,-2.3928,7.61,31.75,32.03,7.91,720,750,,
383,2019_04_08 15:35:30,1.7652,-0.2746,8.2768,31.75,32.03,8.35,780,750,,
384,2019_04_08 15:35:31,4.5503,-2.4713,8.4729,31.73,32.05,7.568,720,780,,
385,2019_04_08 15:35:32,-0.5492,-4.0011,7.2569,31.75,32.05,8.154,780,780,,
386,2019_04_08 15:35:33,2.5497,0.2354,7.963,31.75,32.03,7.666,720,720,,
387,2019_04_08 15:35:34,0.1569,-1.5298,8.0022,31.75,32.09,8.105,720,780,,
388,2019_04_08 15:35:35,2.5497,-2.0398,7.4531,31.71,32.05,7.031,780,750,,
389,2019_04_08 15:35:36,0.5099,-2.1967,7.8845,31.75,32.09,6.982,720,750,,
390,2019_04_08 15:35:37,0.9022,-0.3923,7.4923,31.75,31.99,7.568,750,780,,
391,2019_04_08 15:35:38,0.7845,0.0392,7.963,31.77,32.11,7.568,750,720,,
392,2019_04_08 15:35:39,1.0591,-1.1376,7.5315,31.75,32.09,7.813,720,780,,
393,2019_04_08 15:35:40,-1.726,-1.9613,8.9044,31.73,32.11,7.275,750,720,,
394,2019_04_08 15:35:41,0.5492,-2.8635,7.7276,31.73,32.05,8.105,750,780,,
395,2019_04_08 15:35:42,-0.3138,-1.7652,7.4531,31.73,32.09,7.275,720,750,,
396,2019_04_08 15:35:43,-1.216,-2.1967,8.1199,31.77,32.17,7.422,720,750,,
397,2019_04_08 15:35:44,2.1575,-0.863,8.6691,31.73,32.11,6.885,780,750,,
398,2019_04_08 15:35:45,0.2746,-0.353,8.0415,31.77,32.21,8.008,720,750,,
399,2019_04_08 15:35:46,2.0006,-0.3138,8.3553,31.77,32.11,7.813,720,720,,
400,2019_04_08 15:35:47,2.3536,-1.1768,8.2376,31.77,32.17,7.227,720,780,,
401,2019_04_08 15:35:48,1.216,-1.2945,8.3553,31.77,32.17,7.275,750,720,,
402,2019_04_08 15:35:49,0,-2.2751,7.9238,31.77,32.21,7.617,750,780,,
403,2019_04_08 15:35:50,0.5099,-2.079,7.9238,31.73,32.21,7.129,720,720,,
404,2019_04_08 15:35:51,1.0983,-1.3337,7.6884,31.79,32.21,7.715,720,750,,
405,2019_04_08 15:35:52,1.9221,0,7.6884,31.75,32.21,7.178,720,750,,
406,2019_04_08 15:35:53,1.5691,-2.079,8.3553,31.75,32.21,8.203,720,720,,
407,2019_04_08 15:35:54,2.0398,-0.6276,8.316,31.77,32.25,7.764,720,780,,
408,2019_04_08 15:35:55,2.5105,-3.7658,9.1006,31.77,32.19,7.471,750,720,,
409,2019_04_08 15:35:56,0.3138,-3.805,7.8453,31.73,32.13,8.105,750,720,,
410,2019_04_08 15:35:57,0.353,-2.0398,7.8845,31.75,32.19,7.666,720,780,,
411,2019_04_08 15:35:58,1.8044,-2.2751,7.7669,31.77,32.25,8.057,720,720,,
412,2019_04_08 15:35:59,1.2553,-1.3729,7.4531,31.77,32.25,7.08,720,720,,
413,2019_04_08 15:36:00,1.3729,-2.9028,7.5315,31.77,32.25,7.715,720,780,,
414,2019_04_08 15:36:01,1.1768,-2.7851,7.7669,31.75,32.39,7.129,720,720,,
415,2019_04_08 15:36:02,1.2553,-1.8044,7.4923,31.77,32.39,7.861,750,750,,
416,2019_04_08 15:36:03,1.2945,-0.3923,8.2768,31.77,32.27,7.08,750,750,,
417,2019_04_08 15:36:04,3.7658,-0.353,8.4729,31.77,32.33,7.617,720,720,,
418,2019_04_08 15:36:05,1.3337,-0.863,7.8845,31.77,32.33,7.617,720,750,,
419,2019_04_08 15:36:06,0.6276,-1.9613,7.5707,31.77,32.31,6.787,720,750,,
420,2019_04_08 15:36:07,1.8829,-4.1972,7.8061,31.75,32.19,8.105,720,720,,
421,2019_04_08 15:36:08,0.8238,-1.216,7.9238,31.79,32.33,7.813,720,750,,
422,2019_04_08 15:36:09,-0.3138,-2.3536,8.2376,31.79,32.31,7.129,720,750,,
423,2019_04_08 15:36:10,0.9414,-2.5497,7.6492,31.79,32.31,6.836,720,720,,
424,2019_04_08 15:36:11,0.0785,-3.1774,7.7669,31.77,32.31,7.617,720,720,,
425,2019_04_08 15:36:12,0.1569,-0.9022,8.0022,31.79,32.27,8.057,720,780,,
426,2019_04_08 15:36:13,-0.2354,-1.6867,8.3553,31.79,32.27,8.008,720,720,,
427,2019_04_08 15:36:14,3.3735,-0.8238,8.6691,31.75,32.39,7.031,720,720,,
428,2019_04_08 15:36:15,0.1569,-1.2945,7.61,31.77,32.33,7.031,720,750,,
429,2019_04_08 15:36:16,2.5497,-2.6674,8.2376,31.79,32.27,7.959,720,750,,
430,2019_04_08 15:36:17,-1.1376,-0.353,7.7276,31.79,32.33,7.764,720,720,,
431,2019_04_08 15:36:18,4.2365,-1.6475,8.9437,31.79,32.41,7.715,720,720,,
432,2019_04_08 15:36:19,1.3729,-3.4127,7.2961,31.77,32.31,7.813,750,720,,
433,2019_04_08 15:36:20,3.1381,-3.4912,8.826,31.77,32.31,6.982,690,780,,
434,2019_04_08 15:36:21,2.432,-0.5884,8.3553,31.79,32.33,7.861,720,720,,
435,2019_04_08 15:36:22,0.3138,-0.7061,8.0807,31.81,32.31,7.959,720,720,,
436,2019_04_08 15:36:23,0.9807,-1.8044,8.1984,31.79,32.33,7.08,720,720,,
437,2019_04_08 15:36:24,-0.4315,-0.2354,8.0415,31.79,32.31,6.934,720,750,,
438,2019_04_08 15:36:25,3.5304,-0.353,9.1006,31.81,32.45,7.129,720,750,,
439,2019_04_08 15:36:26,0.9807,-0.7845,7.8845,31.79,32.41,7.813,720,720,,
440,2019_04_08 15:36:27,-0.1177,-1.6083,7.5707,31.77,32.41,7.861,720,720,,
441,2019_04_08 15:36:28,-0.1961,-0.4315,8.2376,31.81,32.45,6.982,720,720,,
442,2019_04_08 15:36:29,2.3144,-1.9613,8.5514,31.79,32.47,7.178,750,780,,
443,2019_04_08 15:36:30,3.0597,-1.9221,8.3553,31.81,32.47,6.836,720,720,,
444,2019_04_08 15:36:31,2.6282,-2.2751,8.1199,31.77,32.45,6.982,720,720,,
445,2019_04_08 15:36:32,1.3729,-0.9414,7.963,31.81,32.41,7.324,720,720,,
446,2019_04_08 15:36:33,3.805,-1.0591,8.3553,31.81,32.47,7.764,690,780,,
447,2019_04_08 15:36:34,-0.1569,-1.5691,7.6884,31.81,32.47,7.959,720,720,,
448,2019_04_08 15:36:35,0.3923,-2.079,8.2376,31.83,32.55,7.373,720,720,,
449,2019_04_08 15:36:36,2.5105,-1.4514,8.0807,31.83,32.53,7.715,720,720,,
450,2019_04_08 15:36:37,2.9812,-1.3337,8.1199,31.83,32.55,7.861,720,720,,
451,2019_04_08 15:36:38,2.2751,-2.1575,7.8845,31.87,32.47,7.568,720,720,,
452,2019_04_08 15:36:39,-0.7845,-1.9613,7.4138,31.81,32.39,7.813,720,720,,
453,2019_04_08 15:36:40,-0.353,-0.4707,7.4138,31.83,32.41,7.666,720,720,,
454,2019_04_08 15:36:41,1.4906,-1.2553,7.8453,31.81,32.41,7.617,720,780,,
455,2019_04_08 15:36:42,0.5884,-1.4122,7.7669,31.81,32.53,7.275,690,720,,
456,2019_04_08 15:36:44,2.1967,-1.6867,8.1199,31.81,32.45,7.813,690,720,,
457,2019_04_08 15:36:44,1.1768,-2.432,7.4138,31.87,32.45,6.787,720,720,,
458,2019_04_08 15:36:45,0.1961,-2.1575,8.3945,31.83,32.55,7.617,720,720,,
459,2019_04_08 15:36:46,2.0398,-2.942,7.963,31.83,32.53,6.885,720,720,,
460,2019_04_08 15:36:47,-1.4514,-3.5304,7.7669,31.81,32.49,7.52,690,720,,
461,2019_04_08 15:36:48,1.5691,-0.9022,8.0022,31.83,32.55,7.422,690,720,,
462,2019_04_08 15:36:49,-0.1569,-2.7459,7.5707,31.83,32.55,7.715,720,720,,
463,2019_04_08 15:36:50,0.353,-1.7652,8.1199,31.87,32.55,7.568,720,720,,
464,2019_04_08 15:36:51,-0.5492,-2.3928,7.4923,31.83,32.55,6.689,690,720,,
465,2019_04_08 15:36:52,1.1768,-1.6475,7.9238,31.83,32.49,6.787,690,720,,
466,2019_04_08 15:36:53,0.863,-2.3536,7.5707,31.83,32.55,7.568,720,720,,
467,2019_04_08 15:36:54,-0.4315,-2.7851,7.3354,31.87,32.55,7.275,720,720,,
468,2019_04_08 15:36:55,1.6867,-1.6475,7.8845,31.79,32.53,7.813,690,720,,
469,2019_04_08 15:36:56,0.7453,-0.9414,8.0415,31.87,32.49,6.982,690,690,,
470,2019_04_08 15:36:57,0.4315,-1.5691,7.4923,31.83,32.59,6.836,720,720,,
471,2019_04_08 15:36:58,1.0199,-1.216,7.963,31.83,32.53,6.885,720,690,,
472,2019_04_08 15:36:59,0.8238,-2.1182,7.4138,31.87,32.63,7.568,660,720,,
473,2019_04_08 15:37:00,1.9221,-1.8437,8.0807,31.83,32.59,7.91,720,720,,
474,2019_04_08 15:37:01,0.1569,-1.4122,7.8453,31.89,32.55,7.568,720,720,,
475,2019_04_08 15:37:02,1.0199,-1.1768,8.6691,31.83,32.59,7.568,690,720,,
476,2019_04_08 15:37:03,0.4707,-1.4514,7.7669,31.87,32.49,7.129,690,720,,
477,2019_04_08 15:37:04,2.4713,-0.7061,8.1199,31.87,32.45,7.91,720,720,,
478,2019_04_08 15:37:05,-1.7652,-0.8238,7.8453,31.87,32.49,7.52,690,720,,
479,2019_04_08 15:37:06,0.0785,-1.8437,7.3746,31.87,32.61,7.568,690,720,,
480,2019_04_08 15:37:07,1.8829,-1.4906,7.963,31.87,32.55,7.031,720,660,,
481,2019_04_08 15:37:08,1.3729,-0.5099,8.2768,31.83,32.53,6.836,660,720,,
482,2019_04_08 15:37:09,1.1376,-1.9221,7.6492,31.87,32.55,6.836,720,720,,
483,2019_04_08 15:37:10,2.7851,-1.8437,8.2376,31.89,32.59,7.471,660,720,,
484,2019_04_08 15:37:11,2.0006,-1.3337,8.3553,31.83,32.59,7.764,720,720,,
485,2019_04_08 15:37:12,2.7851,-0.4707,8.5514,31.87,32.49,6.738,720,660,,
486,2019_04_08 15:37:13,1.1376,-2.6282,8.1199,31.83,32.59,6.885,660,720,,
487,2019_04_08 15:37:14,3.3343,-1.4514,8.316,31.87,32.61,7.129,720,720,,
488,2019_04_08 15:37:15,1.0591,-2.7066,8.1984,31.83,32.55,6.738,660,720,,
489,2019_04_08 15:37:16,1.1376,-1.3337,7.8845,31.87,32.53,-0.342,300,240,,
490,2019_04_08 16:06:50,2.9812,-3.3343,8.3553,31.59,31.75,8.105,840,780,,
491,2019_04_08 16:06:51,4.3934,-1.5691,8.4337,31.65,31.71,8.887,780,840,,
492,2019_04_08 16:06:51,1.9613,-2.5105,8.1199,31.63,31.71,8.789,780,840,,
493,2019_04_08 16:06:52,0.1961,-1.9221,7.3354,31.63,31.75,8.838,840,780,,
494,2019_04_08 16:06:52,6.5116,-0.4707,8.5514,31.59,31.67,8.545,780,840,,
495,2019_04_08 16:06:53,5.2564,-1.0983,8.7475,31.67,31.67,8.301,780,780,,
496,2019_04_08 16:06:53,-0.2354,-1.6867,8.0807,31.63,31.69,8.105,840,780,,
497,2019_04_08 16:06:54,-2.1182,-2.1575,7.2177,31.63,31.81,8.887,780,840,,
498,2019_04_08 16:06:54,3.805,-0.5884,8.316,31.63,31.77,8.789,780,840,,
499,2019_04_08 16:06:55,1.8829,-1.4514,7.8845,31.59,31.71,8.838,840,780,,
500,2019_04_08 16:06:56,0.7061,-2.3144,8.5514,31.57,31.81,8.545,780,840,,
501,2019_04_08 16:06:56,0.9807,-0.9807,8.1591,31.63,31.71,8.301,780,780,,
502,2019_04_08 16:06:57,1.0199,-2.9812,7.2569,31.67,31.69,8.105,810,810,,
503,2019_04_08 16:06:57,0.1177,-1.3729,7.9238,31.67,31.75,7.813,780,840,,
504,2019_04_08 16:06:58,1.9613,-2.3536,7.7669,31.63,31.75,8.545,780,780,,
505,2019_04_08 16:06:58,3.5304,-1.1768,7.8453,31.65,31.69,8.594,780,780,,
506,2019_04_08 16:06:59,1.2945,-1.1376,9.1006,31.65,31.69,8.057,780,840,,
507,2019_04_08 16:06:59,0.9414,-2.1182,8.4729,31.65,31.71,8.643,780,780,,
508,2019_04_08 16:07:00,-0.7453,1.7652,6.8647,31.65,31.63,7.91,780,780,,
509,2019_04_08 16:07:00,0.1961,-0.1961,8.5906,31.65,31.75,8.301,780,840,,
510,2019_04_08 16:07:01,0.863,0.0392,7.3746,31.67,31.69,8.447,780,780,,
511,2019_04_08 16:07:02,0.3138,-0.353,7.7276,31.63,31.81,8.105,780,780,,
512,2019_04_08 16:07:02,0.353,-2.3144,7.4138,31.63,31.71,8.447,780,780,,
513,2019_04_08 16:07:03,3.9227,-1.3729,8.826,31.65,31.71,8.545,780,780,,
514,2019_04_08 16:07:04,-0.7061,-2.589,7.4923,31.67,31.83,8.447,750,780,,
515,2019_04_08 16:07:05,-0.863,0.1177,8.6299,31.65,31.77,7.813,750,780,,
516,2019_04_08 16:07:06,1.0983,-1.4906,7.61,31.65,31.75,8.447,780,780,,
517,2019_04_08 16:07:07,-1.8044,-2.3928,7.6884,31.65,31.81,7.666,780,780,,
518,2019_04_08 16:07:08,0.7061,-0.9022,7.6492,31.65,31.77,7.373,780,780,,
519,2019_04_08 16:07:09,0.6276,-3.1381,7.8061,31.59,31.77,7.227,750,780,,
520,2019_04_08 16:07:10,-0.5884,-1.1768,7.4531,31.65,31.91,7.861,750,780,,
521,2019_04_08 16:07:11,0.5884,-1.4122,7.6492,31.65,31.81,7.91,780,780,,
522,2019_04_08 16:07:12,0.7061,-1.0199,8.2376,31.67,31.81,7.959,780,780,,
523,2019_04_08 16:07:13,-1.2553,-2.1967,8.0415,31.67,31.81,7.666,720,780,,
524,2019_04_08 16:07:14,-0.3923,-2.3144,8.1984,31.67,31.83,7.373,780,780,,
525,2019_04_08 16:07:15,4.0011,-1.4906,7.9238,31.63,31.89,8.057,780,780,,
526,2019_04_08 16:07:16,2.4713,-1.2945,7.3746,31.65,31.85,7.617,720,780,,
527,2019_04_08 16:07:17,2.8243,-3.295,8.3553,31.63,31.91,8.105,780,750,,
528,2019_04_08 16:07:18,-1.4906,-0.863,7.6884,31.65,31.85,8.203,720,750,,
529,2019_04_08 16:07:19,1.726,-1.2553,8.4337,31.65,31.89,8.301,780,780,,
530,2019_04_08 16:07:20,-0.1177,-4.1188,7.2961,31.67,31.83,7.275,720,780,,
531,2019_04_08 16:07:21,2.7851,-1.5691,8.3945,31.67,31.85,8.398,780,780,,
532,2019_04_08 16:07:22,-0.5884,0.2746,7.4923,31.69,31.83,7.324,750,750,,
533,2019_04_08 16:07:23,1.9221,0.6276,8.7083,31.67,31.83,7.666,750,750,,
534,2019_04_08 16:07:24,0.3923,-1.8437,7.6884,31.67,31.83,7.764,780,780,,
535,2019_04_08 16:07:25,0.4315,-3.0597,7.2961,31.65,31.91,8.252,720,780,,
536,2019_04_08 16:07:26,0.7453,-0.1569,8.1984,31.69,31.95,8.105,750,750,,
537,2019_04_08 16:07:27,2.3928,0.2746,8.0415,31.67,31.91,7.227,750,750,,
538,2019_04_08 16:07:28,1.216,-1.4906,7.0216,31.69,31.97,7.275,720,780,,
539,2019_04_08 16:07:29,0.5099,-1.2945,8.1199,31.69,31.95,7.861,780,780,,
540,2019_04_08 16:07:30,-0.0785,-2.1967,7.5315,31.67,31.91,7.617,720,720,,
541,2019_04_08 16:07:31,4.9033,0.3138,8.9044,31.65,31.97,7.275,780,780,,
542,2019_04_08 16:07:32,0.863,-0.5492,7.9238,31.67,31.95,8.105,720,750,,
543,2019_04_08 16:07:33,0.1569,-1.8437,7.6492,31.67,31.91,8.203,720,750,,
544,2019_04_08 16:07:34,0.5884,-0.863,7.7276,31.67,31.91,7.471,780,780,,
545,2019_04_08 16:07:35,0.7845,-2.942,8.1199,31.69,31.99,7.813,720,720,,
546,2019_04_08 16:07:36,-0.3923,-2.7066,7.8453,31.69,32.09,7.813,780,780,,
547,2019_04_08 16:07:37,1.3337,-1.6475,8.0415,31.69,31.99,8.398,720,720,,
548,2019_04_08 16:07:38,0.6276,0.9414,7.5315,31.67,32.03,7.959,720,780,,
549,2019_04_08 16:07:39,2.1182,-1.8437,8.0807,31.69,32.03,7.617,720,720,,
550,2019_04_08 16:07:40,0.3923,-1.3729,8.316,31.67,31.99,7.129,780,780,,
551,2019_04_08 16:07:41,-0.1177,0.4315,7.7669,31.67,31.97,7.227,720,750,,
552,2019_04_08 16:07:42,0.3923,0.3923,8.0022,31.71,32.03,7.959,720,750,,
553,2019_04_08 16:07:43,1.1376,1.4906,7.8061,31.69,31.99,7.91,720,720,,
554,2019_04_08 16:07:44,-1.6083,-0.9807,8.0807,31.67,31.97,7.861,780,780,,
555,2019_04_08 16:07:45,1.0983,-1.9613,7.8845,31.71,31.97,7.91,720,720,,
556,2019_04_08 16:07:46,0.353,-2.5497,7.9238,31.71,32.09,7.422,720,780,,
557,2019_04_08 16:07:47,1.216,-0.7061,7.963,31.71,32.09,7.91,720,720,,
558,2019_04_08 16:07:48,-0.0785,-3.0989,7.7276,31.69,31.99,7.52,720,750,,
559,2019_04_08 16:07:49,-1.3729,-1.6083,7.2569,31.69,32.11,7.422,750,750,,
560,2019_04_08 16:07:50,4.7856,-1.0199,9.0221,31.69,32.13,7.227,750,720,,
561,2019_04_08 16:07:51,0.3923,-0.1569,8.5122,31.71,32.03,7.227,720,780,,
562,2019_04_08 16:07:52,2.1182,-2.5105,7.7276,31.71,32.09,7.617,720,720,,
563,2019_04_08 16:07:53,-0.4315,0.1177,7.9238,31.71,32.09,7.178,720,750,,
564,2019_04_08 16:07:54,0,-0.3138,8.1199,31.71,32.05,6.934,720,750,,
565,2019_04_08 16:07:55,0.4707,-1.5691,7.5707,31.69,32.03,7.666,750,720,,
566,2019_04_08 16:07:56,2.7851,-0.3923,8.6691,31.67,32.11,7.861,750,780,,
567,2019_04_08 16:07:57,-0.0785,-0.9807,7.8061,31.69,32.11,7.373,720,720,,
568,2019_04_08 16:07:58,1.4906,1.0591,7.5707,31.69,32.13,7.08,720,720,,
569,2019_04_08 16:07:59,0.6669,-1.2945,7.6884,31.69,32.17,6.982,720,750,,
570,2019_04_08 16:08:00,0.8238,0.0785,7.6884,31.69,32.17,7.861,720,750,,
571,2019_04_08 16:08:01,3.0204,-0.2354,8.3945,31.71,32.11,8.008,720,720,,
572,2019_04_08 16:08:02,0.2354,-2.6674,7.9238,31.69,32.09,7.715,720,720,,
573,2019_04_08 16:08:03,1.1376,-1.4514,7.61,31.75,32.19,7.227,720,750,,
574,2019_04_08 16:08:04,1.6083,-1.216,8.1984,31.69,32.17,7.129,720,750,,
575,2019_04_08 16:08:05,0.3923,-1.8437,7.6884,31.69,32.13,7.666,720,720,,
576,2019_04_08 16:08:06,1.4514,-0.8238,7.6884,31.71,32.17,8.301,720,720,,
577,2019_04_08 16:08:07,-0.5492,-2.2359,7.6884,31.71,32.19,7.715,720,720,,
578,2019_04_08 16:08:08,1.6867,-2.6282,8.3945,31.69,32.17,8.105,720,780,,
579,2019_04_08 16:08:09,1.6083,-1.9221,8.5514,31.67,32.17,7.666,720,720,,
580,2019_04_08 16:08:10,2.0006,-0.2746,8.1591,31.69,32.19,7.422,720,720,,
581,2019_04_08 16:08:11,2.0398,-2.0006,7.7276,31.67,32.13,7.617,720,720,,
582,2019_04_08 16:08:12,-1.216,-3.5696,6.8647,31.73,32.17,8.008,720,720,,
583,2019_04_08 16:08:13,1.8044,-1.9613,7.8845,31.69,32.19,7.275,720,780,,
584,2019_04_08 16:08:14,0.3923,-2.432,8.0022,31.67,32.13,7.031,720,720,,
585,2019_04_08 16:08:15,1.7652,-2.079,7.9238,31.73,32.25,8.008,720,720,,
586,2019_04_08 16:08:16,2.079,-0.7453,8.4337,31.69,32.27,7.227,690,720,,
587,2019_04_08 16:08:17,1.3337,-1.5298,7.8453,31.71,32.33,6.982,690,720,,
588,2019_04_08 16:08:18,1.1768,-0.6276,8.7475,31.71,32.27,7.715,720,720,,
589,2019_04_08 16:08:19,0.9807,-1.4122,8.1199,31.69,32.21,7.129,720,750,,
590,2019_04_08 16:08:20,3.1381,-0.9022,8.4337,31.71,32.27,7.129,720,720,,
591,2019_04_08 16:08:21,1.1376,-0.7061,7.7276,31.71,32.21,7.861,720,750,,
592,2019_04_08 16:08:22,1.4122,-1.216,7.8061,31.71,32.31,7.227,720,720,,
593,2019_04_08 16:08:23,-1.0199,-2.1182,7.8061,31.71,32.19,6.982,720,720,,
594,2019_04_08 16:08:24,1.6867,-2.0006,8.3553,31.73,32.25,7.471,720,720,,
595,2019_04_08 16:08:25,1.6867,-2.079,8.5514,31.73,32.25,7.764,720,720,,
596,2019_04_08 16:08:26,-0.5099,-0.6276,8.0022,31.71,32.31,8.105,660,720,,
597,2019_04_08 16:08:27,-0.3138,-1.6083,7.4138,31.69,32.17,7.959,720,720,,
598,2019_04_08 16:08:28,0.1177,-2.1575,7.3746,31.71,32.17,7.764,720,720,,
599,2019_04_08 16:08:29,1.2945,-2.5105,7.963,31.71,32.27,7.422,720,750,,
600,2019_04_08 16:08:30,1.1768,-0.9414,7.61,31.69,32.31,7.422,720,750,,
601,2019_04_08 16:08:31,0.2746,0.6276,7.6884,31.71,32.31,7.91,720,720,,
602,2019_04_08 16:08:32,1.0983,-3.4519,8.1199,31.71,32.33,8.008,690,720,,
603,2019_04_08 16:08:33,2.1575,-3.0597,8.4337,31.73,32.21,6.982,690,720,,
604,2019_04_08 16:08:34,0.2354,-2.3928,8.0807,31.73,32.31,7.324,720,720,,
605,2019_04_08 16:08:35,1.6083,-0.8238,8.3945,31.73,32.35,7.959,720,720,,
606,2019_04_08 16:08:36,0.863,-0.6276,7.6492,31.71,32.21,7.178,720,720,,
607,2019_04_08 16:08:37,-0.1961,-2.942,7.6884,31.73,32.31,7.959,720,720,,
608,2019_04_08 16:08:38,-0.2354,-2.1967,7.8845,31.71,32.21,6.787,660,720,,
609,2019_04_08 16:08:39,0.6669,-0.9414,8.0807,31.71,32.21,7.617,720,720,,
610,2019_04_08 16:08:40,-0.2354,-0.9807,7.8061,31.73,32.21,7.471,720,720,,
611,2019_04_08 16:08:41,-1.216,-1.8829,7.2569,31.71,32.33,7.178,720,720,,
612,2019_04_08 16:08:42,1.5691,-1.5298,8.0022,31.73,32.31,7.959,690,720,,
613,2019_04_08 16:08:43,-1.5298,-4.1972,7.6884,31.73,32.33,6.836,690,720,,
614,2019_04_08 16:08:44,2.0398,-1.4122,8.0022,31.69,32.27,7.715,720,720,,
615,2019_04_08 16:08:45,0.863,-0.8238,7.6492,31.69,32.35,7.08,720,720,,
616,2019_04_08 16:08:46,0.7845,-2.5497,7.8061,31.69,32.31,6.787,660,720,,
617,2019_04_08 16:08:47,2.589,0.5884,8.5122,31.71,32.39,6.885,720,720,,
618,2019_04_08 16:08:48,2.3536,-1.6083,8.3945,31.71,32.35,6.787,720,690,,
619,2019_04_08 16:08:49,1.0591,-1.7652,8.2768,31.71,32.41,7.178,690,720,,
620,2019_04_08 16:08:50,0.5492,0.863,7.7669,31.73,32.35,7.275,690,690,,
621,2019_04_08 16:08:51,0.2746,-1.9221,7.6492,31.73,32.35,7.031,720,720,,
622,2019_04_08 16:08:52,-0.9414,-2.3536,8.0807,31.73,32.33,6.738,720,720,,
623,2019_04_08 16:08:53,0.9414,-1.9221,7.3354,31.71,32.41,7.471,660,720,,
624,2019_04_08 16:08:54,2.9028,-2.9028,8.5122,31.71,32.45,6.982,720,720,,
625,2019_04_08 16:08:55,-0.1961,-1.0591,7.8453,31.75,32.47,7.715,690,720,,
626,2019_04_08 16:08:56,-0.0392,-1.6083,7.6492,31.71,32.39,6.934,690,720,,
627,2019_04_08 16:08:57,-0.1177,-2.6282,7.5707,31.75,32.39,7.568,720,720,,
628,2019_04_08 16:08:58,0.6276,0.7453,7.963,31.73,32.41,6.787,690,690,,
629,2019_04_08 16:08:59,2.0006,-0.6276,8.1984,31.73,32.45,7.422,690,690,,
630,2019_04_08 16:09:00,0.7845,-1.726,8.2376,31.73,32.33,6.592,720,720,,
631,2019_04_08 16:09:01,1.8437,-2.0006,8.0415,31.71,32.41,6.689,660,720,,
632,2019_04_08 16:09:02,2.2359,0.3138,8.1591,31.75,32.35,6.885,720,720,,
633,2019_04_08 16:09:03,0.3923,-1.4122,7.5315,31.73,32.41,7.91,690,720,,
634,2019_04_08 16:09:04,1.726,-1.2945,7.8453,31.73,32.47,7.91,690,660,,
635,2019_04_08 16:09:05,1.8044,-1.7652,8.1199,31.73,32.41,7.617,780,720,,
636,2019_04_08 16:09:06,0.2746,-1.9613,7.4138,31.71,32.41,6.982,660,720,,
637,2019_04_08 16:09:07,1.7652,-2.3144,8.2768,31.71,32.45,7.52,720,720,,
638,2019_04_08 16:09:08,1.8044,-1.5691,7.9238,31.71,32.45,7.08,660,660,,
639,2019_04_08 16:09:09,1.8044,-0.5884,8.2376,31.71,32.45,7.324,720,720,,
640,2019_04_08 16:09:10,0.1961,0.5099,7.4531,31.73,32.39,7.764,660,720,,
641,2019_04_08 16:09:11,2.4713,-1.0591,8.1591,31.73,32.45,7.666,720,690,,
642,2019_04_08 16:09:12,-0.2354,-1.5298,7.5315,31.73,32.35,7.275,660,690,,
643,2019_04_08 16:09:13,2.432,-1.5298,8.7868,31.73,32.45,7.129,720,720,,
644,2019_04_08 16:09:14,1.0199,-2.3928,7.4923,31.71,32.39,7.129,660,720,,
645,2019_04_08 16:09:15,1.5298,-0.4707,7.8453,31.75,32.39,6.885,780,660,,
646,2019_04_08 16:09:16,0.8238,-2.1967,8.1591,31.73,32.41,7.031,660,720,,
647,2019_04_08 16:09:17,0.353,-2.8243,7.1392,31.75,32.45,7.568,720,720,,
648,2019_04_08 16:09:18,-0.1177,-0.2746,7.6884,31.71,32.47,6.934,660,720,,
649,2019_04_08 16:09:19,1.3337,-1.4514,7.9238,31.77,32.49,6.738,720,660,,
650,2019_04_08 16:09:20,-0.0785,-1.9613,7.3746,31.71,32.53,7.031,660,720,,
651,2019_04_08 16:09:21,0.4707,-0.353,8.2376,31.73,32.47,7.568,720,720,,
652,2019_04_08 16:09:22,1.6867,-2.0006,8.316,31.73,32.41,7.031,660,660,,
653,2019_04_08 16:09:23,-1.216,-0.9022,7.2961,31.75,32.47,7.129,720,720,,
654,2019_04_08 16:09:24,0.7845,-0.1569,7.4923,31.75,32.47,7.227,660,720,,
655,2019_04_08 16:09:25,0.7453,-0.8238,7.8453,31.73,32.53,7.178,690,660,,
656,2019_04_08 16:09:26,0.6669,-2.432,7.2569,31.73,32.45,6.787,690,720,,
657,2019_04_08 16:09:27,1.5691,-0.6669,7.5315,31.73,32.49,7.129,660,720,,
658,2019_04_08 16:09:28,-0.5099,-2.1575,7.4531,31.75,32.47,7.715,720,660,,
659,2019_04_08 16:09:29,2.0398,-0.0392,8.1199,31.75,32.49,6.787,660,720,,
660,2019_04_08 16:09:30,1.2945,-1.726,7.6884,31.73,32.53,7.227,720,720,,
661,2019_04_08 16:09:31,0.5492,-1.5298,8.0022,31.75,32.53,0.342,660,660,,
682,2019_04_08 16:20:37,-0.3923,-0.7453,7.6884,31.87,31.85,8.105,870,930,,
683,2019_04_08 16:20:40,-0.8238,-2.3144,7.2961,31.91,31.95,7.91,840,840,,
684,2019_04_08 16:20:41,1.2553,-2.079,8.2376,31.89,31.97,7.373,840,870,,
685,2019_04_08 16:20:42,1.726,-0.9022,9.0221,31.87,31.97,7.227,840,870,,
686,2019_04_08 16:20:43,-0.4707,0.3923,8.2768,31.89,31.97,7.129,840,840,,
687,2019_04_08 16:20:44,1.9613,-1.5691,8.2376,31.87,31.95,7.227,840,870,,
688,2019_04_08 16:20:45,0.7845,-1.3337,7.5707,31.89,31.99,7.959,840,870,,
689,2019_04_08 16:20:46,2.079,-1.6867,7.9238,31.89,31.99,7.666,840,840,,
690,2019_04_08 16:20:47,-0.0392,-0.353,7.6884,31.91,31.91,7.764,840,840,,
691,2019_04_08 16:20:48,-0.0785,-1.8437,7.61,31.87,32.05,7.471,840,900,,
692,2019_04_08 16:20:49,-1.1376,-2.0006,7.2569,31.89,31.99,7.227,840,840,,
693,2019_04_08 16:20:50,-1.6083,-1.8044,7.4138,31.83,31.95,7.764,840,840,,
694,2019_04_08 16:20:51,4.6287,-1.6475,8.0415,31.87,32.09,7.324,840,840,,
695,2019_04_08 16:20:52,1.7652,-1.0983,8.0022,31.87,31.99,8.008,840,840,,
696,2019_04_08 16:20:53,1.8829,-2.1575,8.1591,31.83,31.97,7.52,780,840,,
697,2019_04_08 16:20:54,2.0006,-1.2553,8.0415,31.89,32.03,7.129,840,840,,
698,2019_04_08 16:20:55,4.0011,-0.9807,8.7868,31.87,31.99,6.982,840,870,,
699,2019_04_08 16:20:56,1.1768,-3.3735,7.8061,31.89,32.11,7.861,840,870,,
700,2019_04_08 16:20:57,1.0591,-1.2945,7.6492,31.87,32.13,7.813,840,840,,
701,2019_04_08 16:20:58,1.7652,-2.6282,8.3553,31.83,32.03,7.373,780,840,,
702,2019_04_08 16:20:59,0.0392,-0.4707,7.7276,31.81,32.05,7.324,840,840,,
703,2019_04_08 16:21:00,0.7453,-1.0591,7.7276,31.89,32.13,7.666,840,840,,
704,2019_04_08 16:21:01,0.9807,-2.0006,7.4531,31.87,32.09,7.08,780,840,,
705,2019_04_08 16:21:02,0.4315,-1.4514,8.2376,31.87,32.11,7.178,840,840,,
706,2019_04_08 16:21:03,1.6475,-1.5298,7.8453,31.83,32.05,7.813,840,840,,
707,2019_04_08 16:21:04,-0.353,-2.7066,7.5707,31.83,32.09,7.52,780,840,,
708,2019_04_08 16:21:05,0.7845,-2.079,8.4337,31.87,32.11,6.982,840,780,,
709,2019_04_08 16:21:06,1.4906,-0.3923,7.8453,31.83,32.11,7.129,810,840,,
710,2019_04_08 16:21:07,1.1768,-0.6276,7.5707,31.83,32.11,7.617,810,840,,
711,2019_04_08 16:21:08,1.2945,-2.7851,7.9238,31.89,32.19,7.764,840,840,,
712,2019_04_08 16:21:09,2.1575,-1.8044,8.0807,31.83,32.17,6.885,780,840,,
713,2019_04_08 16:21:10,0.9807,-0.4315,7.7669,31.87,32.17,7.129,840,840,,
714,2019_04_08 16:21:11,0.8238,-1.2945,8.1984,31.87,32.17,7.715,780,780,,
715,2019_04_08 16:21:12,1.0199,-1.5691,8.0022,31.87,32.21,7.324,840,840,,
716,2019_04_08 16:21:13,0.5492,-0.7845,7.7276,31.81,32.21,6.738,780,840,,
717,2019_04_08 16:21:14,2.1967,0,8.3945,31.89,32.27,7.52,840,840,,
718,2019_04_08 16:21:15,3.6481,-0.9807,8.9044,31.87,32.25,6.934,780,780,,
719,2019_04_08 16:21:16,3.295,-1.5691,8.1199,31.89,32.21,6.689,780,840,,
720,2019_04_08 16:21:17,4.7072,-1.3729,7.8845,31.87,32.25,7.373,840,840,,
721,2019_04_08 16:21:18,0.0785,-0.7453,8.0415,31.89,32.27,7.324,780,840,,
722,2019_04_08 16:21:19,0.5099,-2.6282,7.6884,31.89,32.33,7.617,840,780,,
723,2019_04_08 16:21:20,0.0785,-1.9613,7.8061,31.89,32.31,6.982,780,840,,
724,2019_04_08 16:21:21,0.7845,0.1569,8.2376,31.89,32.25,7.471,840,840,,
725,2019_04_08 16:21:22,0.4707,-0.8238,7.8845,31.89,32.25,6.885,780,780,,
726,2019_04_08 16:21:23,3.1774,-2.1182,8.7083,31.89,32.19,6.934,780,840,,
727,2019_04_08 16:21:24,-0.7453,-1.726,8.1984,31.89,32.27,7.178,840,840,,
728,2019_04_08 16:21:25,0.5492,-2.079,7.7669,31.87,32.27,7.52,780,780,,
729,2019_04_08 16:21:26,1.1768,-1.8044,7.7276,31.89,32.31,6.982,780,840,,
730,2019_04_08 16:21:27,1.726,-0.5099,8.1591,31.83,32.39,7.422,840,840,,
731,2019_04_08 16:21:28,1.0983,-2.8635,7.6884,31.89,32.35,7.471,780,780,,
732,2019_04_08 16:21:29,1.0199,-2.1182,7.9238,31.87,32.41,7.666,780,840,,
733,2019_04_08 16:21:30,-0.2746,-2.3144,7.3746,31.89,32.33,6.738,810,780,,
734,2019_04_08 16:21:31,0.5884,-0.5099,8.4729,31.89,32.41,7.617,810,840,,
735,2019_04_08 16:21:32,0.7845,-4.1972,7.6492,31.91,32.41,6.592,780,810,,
736,2019_04_08 16:21:33,-0.5099,-1.4514,7.8845,31.89,32.47,7.715,780,810,,
737,2019_04_08 16:21:34,2.0398,-0.7845,8.0415,31.87,32.31,7.031,840,840,,
738,2019_04_08 16:21:35,1.2553,-0.7453,7.963,31.89,32.41,7.617,780,780,,
739,2019_04_08 16:21:36,1.3337,-0.9022,7.5707,31.91,32.35,7.568,780,840,,
740,2019_04_08 16:21:37,0.0392,-0.4707,7.6492,31.89,32.33,6.543,810,780,,
741,2019_04_08 16:21:38,2.5105,-1.6083,8.5514,31.87,32.39,7.764,810,840,,
742,2019_04_08 16:21:39,-0.3138,-0.3923,7.5315,31.89,32.39,7.031,780,810,,
743,2019_04_08 16:21:40,0.0785,-2.432,7.8061,31.89,32.47,6.787,780,810,,
744,2019_04_08 16:21:41,2.3536,-3.2558,8.316,31.89,32.41,7.178,840,840,,
745,2019_04_08 16:21:42,2.9812,-1.2945,8.3945,31.93,32.45,7.275,780,780,,
746,2019_04_08 16:21:43,1.0983,-0.5492,7.7276,31.87,32.47,7.52,780,840,,
747,2019_04_08 16:21:44,1.726,-0.8238,7.8061,31.89,32.47,6.494,780,780,,
748,2019_04_08 16:21:45,4.7072,0.1569,8.5122,31.93,32.53,7.52,780,840,,
749,2019_04_08 16:21:46,2.2751,-1.0983,7.963,31.91,32.53,6.885,810,780,,
750,2019_04_08 16:21:47,-0.3923,-2.079,7.7669,31.91,32.49,7.373,810,810,,
751,2019_04_08 16:21:48,-0.0392,-1.2553,7.7669,31.91,32.55,6.885,780,810,,
752,2019_04_08 16:21:49,2.2359,-0.863,8.4729,31.93,32.61,6.934,780,810,,
753,2019_04_08 16:21:50,0.9022,-2.0398,7.963,31.91,32.59,7.715,780,810,,
754,2019_04_08 16:21:51,-0.0392,-0.9022,7.5707,31.87,32.55,7.422,780,780,,
755,2019_04_08 16:21:52,0.7061,-2.8243,7.3746,31.91,32.61,7.422,840,840,,
756,2019_04_08 16:21:53,1.4122,-1.8437,8.0022,31.93,32.61,7.227,780,780,,
757,2019_04_08 16:21:54,1.5298,-3.0989,8.1591,31.93,32.61,7.52,780,840,,
758,2019_04_08 16:21:55,0.7061,-1.7652,8.1199,31.91,32.59,6.641,780,780,,
759,2019_04_08 16:21:56,0.1177,-1.6475,7.6884,31.93,32.61,6.982,780,780,,
760,2019_04_08 16:21:57,0.1177,-0.2354,8.5514,31.93,32.61,6.738,780,840,,
761,2019_04_08 16:21:58,1.9613,-2.0398,8.3553,31.91,32.61,7.227,780,780,,
762,2019_04_08 16:21:59,2.3928,-2.0006,8.3553,31.93,32.63,7.471,780,840,,
763,2019_04_08 16:22:00,0.1569,-2.589,7.2961,31.91,32.63,7.666,780,780,,
764,2019_04_08 16:22:01,0.863,-1.8044,7.8061,31.93,32.61,6.543,780,780,,
765,2019_04_08 16:22:02,0.4315,-2.6674,7.2961,31.95,32.59,6.738,840,840,,
766,2019_04_08 16:22:03,1.0983,-1.5298,7.4531,31.93,32.63,7.568,780,780,,
767,2019_04_08 16:22:04,-0.3923,-1.1768,8.1591,31.91,32.55,7.52,780,780,,
768,2019_04_08 16:22:05,1.6083,-0.8238,8.5906,31.93,32.61,6.641,780,840,,
769,2019_04_08 16:22:06,1.5691,-1.6083,7.963,31.93,32.55,7.275,780,780,,
770,2019_04_08 16:22:07,0.3138,-1.9613,7.4923,31.93,32.61,7.617,780,780,,
771,2019_04_08 16:22:08,3.4912,-1.6867,8.1591,31.91,32.67,7.764,780,840,,
772,2019_04_08 16:22:09,-0.3138,-0.1569,7.61,31.93,32.61,7.373,780,780,,
773,2019_04_08 16:22:10,0.9807,-0.7061,8.0415,31.93,32.59,6.641,780,780,,
774,2019_04_08 16:22:11,0.1961,-1.6867,7.2177,31.95,32.63,7.227,780,840,,
775,2019_04_08 16:22:12,2.7851,-2.5497,8.1199,31.95,32.71,6.689,780,780,,
776,2019_04_08 16:22:13,2.079,-1.2945,7.8845,31.93,32.69,7.617,780,780,,
777,2019_04_08 16:22:14,0.4707,-1.6083,7.5707,31.95,32.67,6.348,780,840,,
778,2019_04_08 16:22:15,1.9613,-0.8238,7.6884,31.93,32.67,7.373,780,780,,
779,2019_04_08 16:22:16,1.1768,-1.5691,8.1984,31.95,32.63,7.373,780,780,,
780,2019_04_08 16:22:17,0,-1.726,7.2569,31.93,32.63,7.178,780,810,,
781,2019_04_08 16:22:18,3.1774,-1.8437,7.7276,31.93,32.63,7.129,780,810,,
782,2019_04_08 16:22:19,-1.4514,-1.8044,7.0216,31.95,32.67,7.666,780,780,,
783,2019_04_08 16:22:20,2.5497,-0.3923,8.826,31.95,32.69,6.689,780,780,,
784,2019_04_08 16:22:21,3.3343,-1.1768,8.0415,31.93,32.81,7.373,780,780,,
785,2019_04_08 16:22:22,0.8238,-1.8044,7.5315,31.93,32.71,6.445,780,840,,
786,2019_04_08 16:22:23,1.5298,-2.1575,8.1199,31.95,32.81,7.422,780,780,,
787,2019_04_08 16:22:24,2.0398,0.1177,8.4337,31.95,32.77,6.592,780,780,,
788,2019_04_08 16:22:25,0.9022,-1.4906,7.61,31.95,32.67,7.08,750,780,,
789,2019_04_08 16:22:26,1.0199,-2.6674,7.4531,31.91,32.63,7.422,780,810,,
790,2019_04_08 16:22:27,2.1967,-0.7061,8.0807,31.93,32.75,6.885,750,810,,
791,2019_04_08 16:22:28,-0.0785,-0.1961,7.3746,31.93,32.69,7.129,780,780,,
792,2019_04_08 16:22:29,-1.3337,-2.2359,7.2569,31.93,32.75,7.275,780,780,,
793,2019_04_08 16:22:30,1.3337,-1.4906,8.1984,31.97,32.77,6.396,780,780,,
794,2019_04_08 16:22:31,1.3729,-1.8829,8.1984,31.97,32.69,6.934,780,780,,
795,2019_04_08 16:22:32,3.9619,-2.1575,8.5514,31.97,32.85,6.934,720,780,,
796,2019_04_08 16:22:33,0.1961,-2.2359,7.6884,31.99,32.83,6.836,780,780,,
797,2019_04_08 16:22:34,1.1768,-2.1575,8.0415,31.95,32.77,7.275,780,780,,
798,2019_04_08 16:22:35,1.5691,-1.6475,8.316,31.95,32.71,7.422,780,780,,
799,2019_04_08 16:22:36,-1.7652,-1.5691,7.5315,31.97,32.71,7.129,720,780,,
800,2019_04_08 16:22:37,0.6669,-2.9812,7.3746,31.93,32.77,6.885,780,780,,
801,2019_04_08 16:22:38,0.1177,-0.3923,8.1199,31.95,32.77,6.738,780,780,,
802,2019_04_08 16:22:39,0.7845,-1.8044,7.8453,31.97,32.81,7.568,780,780,,
803,2019_04_08 16:22:40,-0.1569,-2.1575,7.8453,31.95,32.75,6.982,750,780,,
804,2019_04_08 16:22:41,3.6481,-2.1967,7.7276,31.95,32.77,6.787,750,810,,
805,2019_04_08 16:22:42,0.4707,-2.7066,7.6492,31.93,32.91,6.738,720,810,,
806,2019_04_08 16:22:43,2.0006,-2.2751,8.0807,31.97,33.03,6.885,720,780,,
807,2019_04_08 16:22:44,2.9028,-0.7061,9.1398,31.93,33.03,6.396,720,780,,
808,2019_04_08 16:22:45,-0.7061,-2.1575,6.9039,31.95,32.97,7.275,720,780,,
809,2019_04_08 16:22:46,2.6674,1.0591,8.3945,31.93,33.03,7.471,720,840,,
810,2019_04_08 16:22:47,1.726,0.0392,7.2569,31.93,33.07,6.543,660,780,,
811,2019_04_08 16:22:48,2.4713,-1.6083,8.2768,31.99,33.11,6.982,720,780,,
812,2019_04_08 16:22:49,2.3928,-1.0591,7.8453,31.95,33.03,6.348,720,720,,
813,2019_04_08 16:22:50,1.3337,-1.4514,8.0415,31.97,33.11,7.422,660,780,,
814,2019_04_08 16:22:51,2.8243,-2.6282,8.0415,31.97,33.11,7.227,720,810,,
815,2019_04_08 16:22:52,0.2354,-1.6867,7.5315,31.97,33.07,6.152,720,810,,
816,2019_04_08 16:22:53,0,0.3138,7.8845,31.99,33.21,-0.195,660,750,,
817,2019_04_08 16:22:54,1.1768,-1.6083,7.9238,31.99,33.11,-0.195,180,210,,
819,2019_04_08 16:23:31,2.1182,-0.5099,8.4729,31.99,32.99,7.275,750,810,,
820,2019_04_08 16:23:34,3.2558,-1.6475,8.9044,31.99,32.99,6.982,720,780,,
821,2019_04_08 16:23:35,0.7061,-0.7845,7.8453,31.95,32.89,6.982,720,840,,
822,2019_04_08 16:23:36,-0.3138,-1.0983,7.1,31.99,33.03,6.689,720,780,,
823,2019_04_08 16:23:37,0.2746,-2.0006,7.8061,31.97,33.11,6.885,720,780,,
824,2019_04_08 16:23:38,-0.7061,-3.1381,7.2177,31.97,33.13,7.568,720,840,,
825,2019_04_08 16:23:39,1.9221,-1.0199,7.7276,32.01,33.07,6.836,720,780,,
826,2019_04_08 16:23:40,-1.3729,-0.9022,7.5315,32.01,32.91,6.445,720,810,,
827,2019_04_08 16:23:41,-0.0785,-0.4315,7.6884,31.99,33.11,6.641,720,810,,
828,2019_04_08 16:23:42,1.216,0.4707,7.963,32.01,33.11,6.836,720,780,,
829,2019_04_08 16:23:43,0.7061,-1.6867,7.7276,31.99,32.97,7.471,720,780,,
830,2019_04_08 16:23:44,0.6276,-0.7845,7.6884,31.99,33.03,6.494,720,840,,
831,2019_04_08 16:23:45,2.9812,-0.7061,8.2768,32.05,33.13,7.471,690,780,,
832,2019_04_08 16:23:46,2.5497,-2.942,8.0415,32.03,33.21,6.885,690,780,,
833,2019_04_08 16:23:47,-0.0785,-2.1182,6.5901,31.99,33.13,6.494,720,780,,
834,2019_04_08 16:23:48,3.6088,0.1177,8.3945,32.01,33.07,7.031,720,840,,
835,2019_04_08 16:23:49,1.9221,-2.3928,8.4337,32.01,33.21,6.689,720,750,,
836,2019_04_08 16:23:50,2.0398,-0.6276,7.8061,32.01,33.07,7.178,690,810,,
837,2019_04_08 16:23:51,-0.7061,0.5099,6.9823,32.03,33.07,6.396,690,780,,
838,2019_04_08 16:23:52,0.8238,-0.7453,8.2768,32.09,33.25,7.031,720,780,,
839,2019_04_08 16:23:53,0.7845,-1.726,7.0608,32.05,33.25,7.568,720,780,,
840,2019_04_08 16:23:54,-2.942,-1.3337,7.0216,32.05,33.11,6.494,720,780,,
841,2019_04_08 16:23:55,2.0398,-2.5497,8.4729,32.09,33.13,7.129,720,840,,
842,2019_04_08 16:23:56,1.3337,-2.7459,8.1199,32.03,33.11,7.324,660,780,,
843,2019_04_08 16:23:57,1.3729,-0.9022,8.4337,32.05,33.13,7.227,720,780,,
844,2019_04_08 16:23:58,0.1569,-2.2359,7.7669,32.05,33.17,7.275,720,780,,
845,2019_04_08 16:23:59,2.1575,-1.5691,8.2768,32.05,33.17,7.227,720,780,,
846,2019_04_08 16:24:00,2.7851,-2.1575,8.0807,32.09,33.13,7.129,690,780,,
847,2019_04_08 16:24:01,0.8238,-2.9028,7.3354,32.09,33.25,7.324,690,780,,
848,2019_04_08 16:24:02,-0.9807,-0.5492,6.7077,32.09,33.19,6.738,720,780,,
849,2019_04_08 16:24:03,-2.1182,-2.7066,6.747,32.11,33.07,7.324,720,780,,
850,2019_04_08 16:24:04,1.5298,-1.8829,8.1984,32.09,33.19,6.299,660,780,,
851,2019_04_08 16:24:05,0.8238,-0.9414,7.6884,32.17,33.25,6.592,720,780,,
852,2019_04_08 16:24:06,0.4707,-0.9414,7.3354,32.11,33.27,7.471,720,780,,
853,2019_04_08 16:24:07,3.4519,-2.0006,8.6691,32.13,33.19,7.373,660,780,,
854,2019_04_08 16:24:08,0.7845,-1.8044,8.0807,32.13,33.25,-0.195,540,600,,
859,2019_04_08 16:57:55,1.8829,-1.6083,8.0415,32.13,32.05,7.373,900,960,,
860,2019_04_08 16:57:56,4.5111,-0.6669,8.5906,32.09,32.11,7.373,900,900,,
861,2019_04_08 16:57:56,1.9221,-1.6475,7.9238,32.11,32.05,8.105,900,930,,
862,2019_04_08 16:57:57,-0.5492,-1.5298,7.61,32.11,32.05,7.227,900,930,,
863,2019_04_08 16:57:57,1.726,-0.863,8.7475,32.11,31.99,7.031,900,930,,
864,2019_04_08 16:57:58,-0.5884,-1.8437,7.8453,32.13,32.11,7.129,900,930,,
865,2019_04_08 16:57:58,0.4315,-1.726,7.6492,32.11,32.05,7.373,900,960,,
866,2019_04_08 16:57:59,2.079,-2.589,8.316,32.13,32.09,7.373,900,900,,
867,2019_04_08 16:58:00,-0.353,-0.0392,8.1984,32.11,32.11,8.105,900,930,,
868,2019_04_08 16:58:00,0.5099,-1.0983,7.7276,32.11,32.05,7.227,900,930,,
869,2019_04_08 16:58:01,0.3138,-1.1376,8.3553,32.13,32.11,7.031,900,930,,
870,2019_04_08 16:58:01,-1.1768,-3.6088,7.8061,32.13,32.11,7.129,900,930,,
871,2019_04_08 16:58:02,1.5691,-3.3343,7.8845,32.13,32.11,7.324,930,930,,
872,2019_04_08 16:58:02,0.8238,-2.2751,8.0415,32.11,32.11,7.08,900,960,,
873,2019_04_08 16:58:03,4.3934,-0.7845,8.7868,32.13,32.11,7.324,900,900,,
874,2019_04_08 16:58:03,-1.1768,-0.8238,8.826,32.13,32.11,7.91,900,900,,
875,2019_04_08 16:58:04,1.8044,-1.3337,8.3553,32.11,32.09,7.031,900,930,,
876,2019_04_08 16:58:04,0.4707,-1.0983,8.0022,32.13,32.11,6.982,900,930,,
877,2019_04_08 16:58:05,0.1177,-1.6475,9.0613,32.13,32.11,7.08,900,900,,
878,2019_04_08 16:58:06,2.3536,-1.2553,8.0415,32.11,32.13,6.885,870,900,,
879,2019_04_08 16:58:06,-1.2553,-1.3729,7.5707,32.09,32.09,7.764,870,960,,
880,2019_04_08 16:58:07,1.0983,-0.2746,7.3746,32.11,32.09,7.861,900,900,,
881,2019_04_08 16:58:07,-1.1768,-2.5497,7.8845,32.13,32.11,7.52,900,900,,
882,2019_04_08 16:58:08,0.8238,-0.1569,8.0807,32.11,32.17,7.715,900,900,,
883,2019_04_08 16:58:09,2.3144,-1.1768,8.6299,32.13,32.17,7.275,900,900,,
884,2019_04_08 16:58:10,0.6276,-2.3928,7.8845,32.13,32.13,8.154,870,900,,
885,2019_04_08 16:58:11,-0.2354,-0.0392,7.61,32.13,32.13,6.982,870,900,,
886,2019_04_08 16:58:12,-0.1961,-2.7066,7.963,32.11,32.17,7.666,900,900,,
887,2019_04_08 16:58:13,-0.5884,0.1569,7.8845,32.13,32.21,7.422,900,900,,
888,2019_04_08 16:58:14,-0.5492,-1.9613,8.3945,32.11,32.19,6.738,840,930,,
889,2019_04_08 16:58:15,0.1569,-2.0398,7.2177,32.09,32.19,7.861,900,900,,
890,2019_04_08 16:58:16,0,-2.6674,7.1,32.11,32.21,7.764,900,870,,
891,2019_04_08 16:58:17,-0.5884,-1.1768,7.6492,32.11,32.19,7.617,870,900,,
892,2019_04_08 16:58:18,2.6674,-0.6669,8.9829,32.11,32.27,7.373,870,900,,
893,2019_04_08 16:58:19,-0.8238,-1.7652,8.1591,32.11,32.21,7.764,900,900,,
894,2019_04_08 16:58:20,3.5304,-2.3144,8.5122,32.11,32.25,7.764,840,900,,
895,2019_04_08 16:58:21,1.6083,-1.3729,7.8061,32.09,32.25,6.836,900,900,,
896,2019_04_08 16:58:22,1.5691,-0.863,8.0807,32.13,32.27,6.885,900,900,,
897,2019_04_08 16:58:23,-0.1569,-3.0204,7.9238,32.11,32.27,7.129,840,900,,
898,2019_04_08 16:58:24,0.4315,0.2746,8.0807,32.13,32.33,7.471,900,900,,
899,2019_04_08 16:58:25,-0.2354,-0.7845,8.7083,32.11,32.35,7.617,840,900,,
900,2019_04_08 16:58:26,0.3138,-0.3923,8.2768,32.11,32.27,6.885,900,900,,
901,2019_04_08 16:58:27,0.9414,-1.0983,8.0415,32.11,32.35,7.91,900,900,,
902,2019_04_08 16:58:28,1.5691,0.4707,7.8061,32.11,32.33,6.982,840,870,,
903,2019_04_08 16:58:29,2.942,-0.5884,7.8453,32.11,32.35,7.471,900,870,,
909,2019_04_08 19:07:41,0.3138,1.1376,8.4729,31.75,31.47,7.861,930,990,,
910,2019_04_08 19:07:44,0.1177,-3.9227,7.4531,31.73,31.49,7.471,960,960,,
911,2019_04_08 19:07:45,1.5691,-1.3337,8.4729,31.75,31.53,7.617,900,900,,
912,2019_04_08 19:07:46,0.9022,-1.1768,8.0807,31.75,31.49,8.008,960,960,,
913,2019_04_08 19:07:47,0.8238,-1.1768,7.963,31.73,31.49,7.568,900,960,,
914,2019_04_08 19:07:48,4.5111,-1.3337,8.9437,31.77,31.57,8.105,900,960,,
915,2019_04_08 19:07:49,1.1768,-3.0204,8.5122,31.77,31.49,8.057,960,900,,
916,2019_04_08 19:07:50,1.5298,-1.2553,8.2376,31.77,31.61,7.861,900,960,,
917,2019_04_08 19:07:51,0,-1.3337,7.1,31.75,31.61,7.178,900,960,,
918,2019_04_08 19:07:52,1.2553,-2.0006,8.1984,31.73,31.57,7.91,960,900,,
919,2019_04_08 19:07:53,1.5691,-3.5696,7.8453,31.75,31.63,8.252,900,960,,
920,2019_04_08 19:07:54,-0.0392,-3.6873,7.5707,31.75,31.61,8.105,900,960,,
921,2019_04_08 19:07:55,1.0199,-2.079,7.8453,31.77,31.69,7.129,960,900,,
922,2019_04_08 19:07:56,2.2751,-0.2354,9.4144,31.73,31.57,7.666,900,960,,
923,2019_04_08 19:07:57,1.7652,-1.1376,7.1785,31.75,31.69,8.057,900,900,,
924,2019_04_08 19:07:58,-1.5691,-3.295,7.2569,31.73,31.63,7.52,900,960,,
925,2019_04_08 19:07:59,2.432,-1.0591,8.5514,31.77,31.69,7.861,960,930,,
926,2019_04_08 19:08:00,4.6287,-0.8238,8.6691,31.79,31.75,7.617,900,930,,
927,2019_04_08 19:08:01,-0.3138,-2.8635,7.2961,31.75,31.69,7.178,900,930,,
928,2019_04_08 19:08:02,-0.5884,-0.5492,7.0216,31.75,31.71,7.324,900,930,,
929,2019_04_08 19:08:03,3.0204,-1.4514,7.6884,31.75,31.75,7.617,900,960,,
930,2019_04_08 19:08:04,2.1575,1.0199,8.9044,31.77,31.75,7.813,900,900,,
931,2019_04_08 19:08:05,2.6674,-1.8829,8.2376,31.75,31.69,7.568,900,900,,
932,2019_04_08 19:08:06,2.0006,0.5099,7.6492,31.75,31.75,7.08,930,960,,
933,2019_04_08 19:08:07,1.0199,0.353,7.4923,31.75,31.75,7.617,900,900,,
934,2019_04_08 19:08:08,0.0785,-1.4514,7.8845,31.75,31.77,7.617,930,900,,
935,2019_04_08 19:08:09,1.4122,-1.5298,7.61,31.77,31.77,7.031,900,960,,
936,2019_04_08 19:08:10,2.2751,-2.1967,7.7276,31.77,31.77,8.057,900,900,,
937,2019_04_08 19:08:11,2.5497,-1.4514,7.8061,31.77,31.77,6.885,870,900,,
938,2019_04_08 19:08:12,1.0983,0.8238,7.2569,31.73,31.75,7.227,930,960,,
939,2019_04_08 19:08:13,3.0597,-1.7652,7.963,31.79,31.77,7.08,870,900,,
940,2019_04_08 19:08:14,2.1575,0.4707,8.1199,31.75,31.85,6.934,870,900,,
941,2019_04_08 19:08:15,1.8829,-2.0006,8.1199,31.73,31.83,6.885,900,900,,
942,2019_04_08 19:08:16,0.3138,-0.863,8.7475,31.77,31.77,6.885,900,960,,
943,2019_04_08 19:08:17,-0.353,0,7.6492,31.77,31.81,7.08,900,900,,
944,2019_04_08 19:08:18,1.1376,-3.4519,7.4138,31.75,31.89,7.91,900,900,,
945,2019_04_08 19:08:19,1.7652,-0.7061,8.4337,31.77,31.83,7.813,900,900,,
946,2019_04_08 19:08:20,1.4122,-1.3337,9.179,31.79,31.89,7.715,900,900,,
947,2019_04_08 19:08:21,-0.4707,-2.7066,6.6293,31.79,31.91,7.227,900,960,,
948,2019_04_08 19:08:22,4.0796,-2.9812,8.1199,31.77,31.89,7.031,840,900,,
949,2019_04_08 19:08:23,0.9414,-2.7066,8.5122,31.75,31.85,7.08,900,900,,
950,2019_04_08 19:08:24,-0.7453,-1.6867,8.0415,31.77,31.83,7.813,900,900,,
951,2019_04_08 19:08:25,0.1177,0.9022,8.2376,31.77,31.97,7.471,900,900,,
952,2019_04_08 19:08:26,0.3923,-1.4906,8.0415,31.79,31.89,7.959,900,900,,
953,2019_04_08 19:08:27,-0.2746,-2.8243,7.0608,31.77,31.95,6.982,840,900,,
954,2019_04_08 19:08:28,-2.1182,-2.079,8.0807,31.77,31.97,6.885,900,900,,
955,2019_04_08 19:08:29,2.1575,-3.5696,7.61,31.79,31.99,7.471,900,930,,
956,2019_04_08 19:08:30,0.7845,-0.6276,7.1785,31.79,32.03,6.982,900,930,,
957,2019_04_08 19:08:31,1.8044,-2.0398,7.9238,31.75,31.89,7.324,840,900,,
958,2019_04_08 19:08:32,0.0785,-1.6475,8.0022,31.79,32.03,6.934,900,900,,
959,2019_04_08 19:08:33,1.1376,-2.1967,7.6492,31.75,32.05,6.934,900,900,,
960,2019_04_08 19:08:34,-1.0983,-0.1177,7.4531,31.79,32.05,7.324,840,900,,
961,2019_04_08 19:08:35,0.1177,-1.1768,7.2961,31.79,32.09,6.982,900,900,,
962,2019_04_08 19:08:36,3.6088,0.353,8.826,31.81,31.99,7.08,900,900,,
963,2019_04_08 19:08:37,2.3144,-1.4906,7.8061,31.77,32.11,5.957,840,840,,
964,2019_04_08 19:08:38,0.7845,-1.0591,7.7669,31.81,32.13,6.348,780,780,,
965,2019_04_08 19:08:39,-1.4514,-0.9414,7.2177,31.81,32.05,6.201,720,720,,
966,2019_04_08 19:08:40,2.942,-0.5492,9.0221,31.79,32.05,6.787,690,720,,
967,2019_04_08 19:08:41,0.353,-1.2945,7.1,31.79,32.05,7.227,690,720,,
968,2019_04_08 19:08:42,0.0392,-0.0785,7.7276,31.79,32.05,6.641,720,720,,
969,2019_04_08 19:08:43,0.4707,-1.6475,7.6492,31.77,32.09,7.129,720,720,,
970,2019_04_08 19:08:44,0.6669,-0.5492,7.2961,31.79,32.09,6.152,690,720,,
971,2019_04_08 19:08:45,-0.1177,-0.4707,7.0216,31.81,32.05,6.982,690,720,,
972,2019_04_08 19:08:46,-0.1569,-1.6083,7.4138,31.79,32.03,6.348,720,720,,
973,2019_04_08 19:08:47,1.5298,-0.9022,7.9238,31.77,32.13,6.885,720,720,,
974,2019_04_08 19:08:48,1.7652,-0.1569,8.6299,31.79,32.11,6.494,660,720,,
975,2019_04_08 19:08:49,1.726,-0.0392,7.7276,31.79,32.13,6.934,720,720,,
976,2019_04_08 19:08:50,1.0199,-1.8437,7.963,31.79,32.09,6.738,720,720,,
977,2019_04_08 19:08:51,1.7652,-2.1575,8.5906,31.81,32.13,6.982,660,720,,
978,2019_04_08 19:08:52,1.1768,-1.8437,7.8453,31.77,32.09,7.031,720,720,,
979,2019_04_08 19:08:53,0.7061,0.6276,7.7276,31.81,32.13,6.445,720,720,,
980,2019_04_08 19:08:54,1.4514,-1.0983,8.2376,31.79,32.19,7.031,660,720,,
981,2019_04_08 19:08:55,3.0989,-1.5691,8.9044,31.77,32.21,6.934,720,690,,
982,2019_04_08 19:08:56,-0.6276,-1.7652,7.3746,31.79,32.13,6.934,720,690,,
983,2019_04_08 19:08:57,0.9022,-2.5497,7.4138,31.83,32.25,7.031,660,720,,
984,2019_04_08 19:08:58,1.5691,-0.5099,8.7475,31.83,32.21,7.129,720,720,,
985,2019_04_08 19:08:59,1.5691,-1.1376,8.316,31.79,32.17,6.787,660,720,,
986,2019_04_08 19:09:00,2.079,-2.079,7.61,31.79,32.25,6.738,720,720,,
987,2019_04_08 19:09:01,0.3138,-1.7652,7.7669,31.79,32.19,6.348,720,720,,
988,2019_04_08 19:09:02,2.6674,-1.9221,7.963,31.77,32.19,6.836,660,720,,
989,2019_04_08 19:09:03,2.1182,-2.0006,8.5906,31.79,32.19,6.25,720,720,,
990,2019_04_08 19:09:04,1.6475,-2.2751,7.8061,31.77,32.19,6.787,720,720,,
991,2019_04_08 19:09:05,0.3138,-1.9613,7.2961,31.79,32.31,6.738,690,720,,
992,2019_04_08 19:09:06,0.3138,-1.8044,7.963,31.81,32.19,6.592,690,660,,
993,2019_04_08 19:09:07,-0.6276,-0.7061,7.3354,31.77,32.21,7.08,720,720,,
994,2019_04_08 19:09:08,0.9807,-1.6867,7.7276,31.79,32.21,6.299,660,720,,
995,2019_04_08 19:09:09,-0.1177,-2.3536,8.0022,31.81,32.19,6.934,720,720,,
996,2019_04_08 19:09:10,2.3144,-1.1376,8.316,31.81,32.27,6.836,720,720,,
997,2019_04_08 19:09:11,1.216,-1.5691,7.9238,31.81,32.31,7.178,660,720,,
998,2019_04_08 19:09:12,1.4514,-1.9613,7.8453,31.79,32.21,7.275,720,720,,
999,2019_04_08 19:09:13,0.6669,-0.5884,8.4729,31.79,32.27,6.445,660,690,,
1000,2019_04_08 19:09:14,-0.4315,-2.3536,7.3746,31.81,32.19,6.982,720,690,,
1001,2019_04_08 19:09:15,3.0597,-0.6276,7.8061,31.81,32.25,6.885,720,720,,
1002,2019_04_08 19:09:16,0.4707,-1.4906,8.2376,31.77,32.27,6.592,690,720,,
1003,2019_04_08 19:09:17,1.6867,-1.0199,7.7669,31.83,32.45,7.227,690,750,,
1004,2019_04_08 19:09:18,0.7453,-1.0199,8.1984,31.83,32.35,7.227,720,750,,
1005,2019_04_08 19:09:19,2.1967,-1.216,8.5122,31.79,32.39,7.031,720,720,,
1006,2019_04_08 19:09:20,0.9807,-0.7845,8.6691,31.81,32.31,6.592,720,720,,
1007,2019_04_08 19:09:21,-1.0983,-0.4707,8.0022,31.83,32.33,7.178,720,720,,
1008,2019_04_08 19:09:22,1.3729,-1.0983,7.6492,31.81,32.27,7.227,720,720,,
1009,2019_04_08 19:09:23,0.3923,-1.1768,8.0415,31.79,32.25,6.982,720,780,,
1010,2019_04_08 19:09:24,-0.7453,-3.0989,7.61,31.83,32.33,6.152,720,720,,
1011,2019_04_08 19:09:25,0.863,-1.2945,7.5707,31.81,32.41,7.324,720,720,,
1012,2019_04_08 19:09:26,0.1569,-1.2945,7.4531,31.81,32.31,6.836,720,720,,
1013,2019_04_08 19:09:27,0.6276,1.2553,8.2376,31.81,32.31,6.348,720,720,,
1014,2019_04_08 19:09:28,1.4122,-1.216,8.4729,31.87,32.49,6.006,720,780,,
1015,2019_04_08 19:09:29,1.8829,-1.8044,8.1199,31.81,32.33,7.08,720,720,,
1016,2019_04_08 19:09:30,0.2354,-2.1575,7.4923,31.81,32.39,6.25,720,720,,
1017,2019_04_08 19:09:31,0,-0.5099,7.7669,31.79,32.33,7.031,660,720,,
1018,2019_04_08 19:09:32,2.0006,-1.5298,8.0022,31.81,32.39,6.836,750,720,,
1019,2019_04_08 19:09:33,4.0011,-1.6475,8.4729,31.87,32.39,7.422,690,780,,
1020,2019_04_08 19:09:34,-2.3536,-2.3144,6.9431,31.83,32.33,7.275,720,720,,
1021,2019_04_08 19:09:35,-0.863,-0.1177,7.963,31.81,32.47,6.738,720,720,,
1022,2019_04_08 19:09:36,1.6083,-1.2945,7.8453,31.79,32.41,7.129,720,720,,
1023,2019_04_08 19:09:37,1.726,-1.0983,8.0415,31.83,32.47,7.129,720,720,,
1024,2019_04_08 19:09:38,1.5298,-2.0398,7.2961,31.81,32.39,6.738,720,720,,
1025,2019_04_08 19:09:39,-0.5492,-0.2354,8.1591,31.83,32.41,6.152,720,720,,
1026,2019_04_08 19:09:40,-0.1961,-0.5099,7.4531,31.81,32.47,7.178,720,780,,
1027,2019_04_08 19:09:41,1.0591,-1.7652,7.6492,31.79,32.45,6.396,720,720,,
1028,2019_04_08 19:09:42,-2.5105,-1.3729,6.7862,31.83,32.45,6.738,660,720,,
1029,2019_04_08 19:09:43,2.1182,0.1961,7.6884,31.79,32.45,6.201,720,720,,
1030,2019_04_08 19:09:44,0.7845,-2.1967,8.0807,31.83,32.45,7.178,720,720,,
1031,2019_04_08 19:09:45,0.4707,-1.1768,8.1199,31.83,32.39,6.836,720,720,,
1032,2019_04_08 19:09:46,-1.3729,-1.4514,7.3746,31.83,32.49,7.324,720,720,,
1033,2019_04_08 19:09:47,-0.0785,-2.2751,8.2768,31.83,32.55,6.055,720,720,,
1034,2019_04_08 19:09:48,0.2746,-0.1569,7.7276,31.83,32.49,6.885,720,780,,
1035,2019_04_08 19:09:49,0.5884,-2.1182,8.0807,31.83,32.47,6.836,690,720,,
1036,2019_04_08 19:09:50,1.8044,-1.8829,7.6884,31.83,32.53,7.373,690,720,,
1037,2019_04_08 19:09:51,-1.1768,-0.0392,7.4531,31.83,32.41,6.934,720,720,,
1038,2019_04_08 19:09:52,1.0199,-1.4514,7.8453,31.83,32.45,6.885,720,720,,
1039,2019_04_08 19:09:53,1.8437,0.4315,7.8061,31.83,32.45,7.227,720,720,,
1040,2019_04_08 19:09:54,3.3735,-3.0989,7.7276,31.83,32.49,7.031,720,720,,
1041,2019_04_08 19:09:55,1.4906,-1.4906,7.5707,31.83,32.53,6.348,720,720,,
1042,2019_04_08 19:09:56,-0.3923,-0.7845,7.3746,31.83,32.55,6.25,690,720,,
1043,2019_04_08 19:09:57,-0.5884,-2.079,7.4138,31.83,32.55,6.885,690,750,,
1044,2019_04_08 19:09:58,2.432,-1.2553,8.316,31.81,32.53,7.178,720,720,,
1045,2019_04_08 19:09:59,0.7453,-1.726,8.2376,31.83,32.49,7.129,720,750,,
1046,2019_04_08 19:10:00,0.2746,-0.7845,8.1199,31.83,32.53,7.129,720,720,,
1047,2019_04_08 19:10:01,0.5884,-0.5099,8.1984,31.83,32.53,7.031,720,720,,
1048,2019_04_08 19:10:02,1.9221,-1.2945,8.0022,31.83,32.59,6.934,660,720,,
1049,2019_04_08 19:10:03,0.0392,-1.3337,7.3746,31.83,32.55,7.129,720,720,,
1050,2019_04_08 19:10:04,0,-2.0398,7.61,31.87,32.55,7.373,720,720,,
1051,2019_04_08 19:10:05,1.6475,-3.2558,8.0807,31.83,32.53,6.543,720,720,,
1052,2019_04_08 19:10:06,-0.0392,-1.2553,7.7669,31.83,32.53,6.543,660,720,,
1053,2019_04_08 19:10:07,2.4713,-1.2945,7.7276,31.87,32.53,6.494,720,720,,
1054,2019_04_08 19:10:08,1.1768,-1.6475,8.0415,31.87,32.53,6.885,720,720,,
1055,2019_04_08 19:10:09,1.0983,-2.0006,8.0807,31.87,32.53,6.152,720,720,,
1056,2019_04_08 19:10:10,-1.0199,-1.5298,7.5315,31.87,32.55,6.836,720,720,,
1057,2019_04_08 19:10:11,1.8044,-2.5105,7.963,31.81,32.53,6.396,660,720,,
1058,2019_04_08 19:10:12,0.7061,-1.3337,7.6884,31.83,32.55,6.641,720,720,,
1059,2019_04_08 19:10:13,0.9414,-2.7851,7.1785,31.81,32.55,6.787,720,720,,
1060,2019_04_08 19:10:14,-0.0392,-2.1575,7.7276,31.79,32.59,6.396,660,720,,
1061,2019_04_08 19:10:15,0.5884,-1.7652,7.8845,31.81,32.55,6.201,720,720,,
1062,2019_04_08 19:10:16,0.5492,-0.7061,8.1199,31.87,32.59,6.348,720,720,,
1063,2019_04_08 19:10:17,1.4514,-0.1177,7.963,31.81,32.53,6.592,720,720,,
1064,2019_04_08 19:10:18,2.942,-1.7652,8.4337,31.83,32.55,7.129,660,720,,
1065,2019_04_08 19:10:19,0.0785,-1.216,7.8845,31.83,32.55,6.738,720,720,,
1066,2019_04_08 19:10:20,2.3536,-0.6276,7.7669,31.83,32.55,6.787,720,720,,
1067,2019_04_08 19:10:21,0.5492,-2.589,7.3746,31.87,32.61,6.152,660,720,,
1068,2019_04_08 19:10:22,1.4906,-0.4315,7.9238,31.83,32.53,6.592,720,690,,
1069,2019_04_08 19:10:23,1.2945,-2.1575,8.0415,31.87,32.63,6.982,720,690,,
1070,2019_04_08 19:10:24,1.726,-0.353,7.4923,31.81,32.55,6.055,660,720,,
1071,2019_04_08 19:10:25,1.1768,-0.1177,7.8061,31.81,32.55,6.982,720,720,,
1072,2019_04_08 19:10:26,1.4906,-2.3928,8.1591,31.83,32.55,6.201,720,720,,
1073,2019_04_08 19:10:27,-0.0392,-2.0398,7.61,31.83,32.55,6.836,660,720,,
1074,2019_04_08 19:10:28,-0.1961,-1.8829,7.7276,31.83,32.63,7.031,720,720,,
1075,2019_04_08 19:10:29,2.2751,-1.4906,7.8061,31.83,32.69,6.885,720,720,,
1076,2019_04_08 19:10:30,-0.863,-2.7851,7.8061,31.83,32.67,6.152,660,720,,
1077,2019_04_08 19:10:31,1.0983,-2.0006,8.0022,31.87,32.61,6.982,720,720,,
1078,2019_04_08 19:10:32,1.4122,-1.4514,8.3553,31.83,32.63,6.543,720,720,,
1079,2019_04_08 19:10:33,2.0006,-0.3923,7.8061,31.87,32.49,7.08,660,660,,
1080,2019_04_08 19:10:34,-0.0785,0.0785,7.7276,31.83,32.61,6.201,720,720,,
1081,2019_04_08 19:10:35,2.432,-1.2553,8.316,31.83,32.69,6.543,660,720,,
1082,2019_04_08 19:10:36,2.7459,-1.1768,8.5514,31.81,32.63,6.885,720,720,,
1083,2019_04_08 19:10:37,1.6475,-1.2945,7.9238,31.89,32.67,6.201,720,720,,
1084,2019_04_08 19:10:38,3.4127,-0.863,9.1006,31.87,32.81,6.104,660,720,,
1085,2019_04_08 19:10:39,1.5298,-0.4315,7.6884,31.87,32.81,6.445,720,660,,
1086,2019_04_08 19:10:40,1.4122,-0.5884,7.8061,31.83,32.71,6.201,660,720,,
1087,2019_04_08 19:10:41,3.5304,-0.5884,7.5315,31.87,32.67,6.494,720,720,,
1088,2019_04_08 19:10:42,1.5691,-2.1967,7.4531,31.83,32.59,7.031,660,720,,
1089,2019_04_08 19:10:43,-0.1569,-1.5298,7.61,31.87,32.63,6.396,720,720,,
1090,2019_04_08 19:10:44,1.4514,-2.8635,7.8845,31.87,32.69,6.152,720,690,,
1091,2019_04_08 19:10:45,1.2553,-0.863,8.0807,31.87,32.63,6.836,660,690,,
1092,2019_04_08 19:10:46,3.8442,-1.8437,8.0022,31.87,32.71,6.152,720,720,,
1093,2019_04_08 19:10:47,2.0006,-1.0983,8.4729,31.89,32.63,6.396,660,720,,
1094,2019_04_08 19:10:48,-0.0785,-2.3536,7.6492,31.83,32.67,6.299,720,720,,
1095,2019_04_08 19:10:49,2.5497,-2.8243,8.3553,31.87,32.75,6.543,660,660,,
1096,2019_04_08 19:10:50,0.1569,-2.0398,7.963,31.89,32.83,6.982,720,720,,
1097,2019_04_08 19:10:51,0.9807,-1.3729,7.4531,31.89,32.77,6.934,660,720,,
1098,2019_04_08 19:10:52,1.2553,-1.6083,7.963,31.87,32.81,6.689,720,720,,
1099,2019_04_08 19:10:53,0.5099,-2.5497,7.3354,31.83,32.71,6.006,660,660,,
1100,2019_04_08 19:10:54,1.1376,-1.8437,7.6884,31.87,32.77,6.885,720,720,,
1101,2019_04_08 19:10:55,1.5298,-1.0199,8.0807,31.87,32.71,6.396,660,720,,
1102,2019_04_08 19:10:56,3.0204,-1.216,7.8453,31.91,32.63,6.836,720,720,,
1103,2019_04_08 19:10:57,-0.5492,-1.6475,7.6492,31.89,32.69,6.543,720,720,,
1104,2019_04_08 19:10:58,2.0006,-1.0983,7.8453,31.87,32.67,6.445,660,660,,
1105,2019_04_08 19:10:59,-0.7453,-2.7066,7.8061,31.89,32.61,6.738,720,720,,
1106,2019_04_08 19:11:00,1.6083,-0.9807,8.9437,31.89,32.71,7.031,660,720,,
1107,2019_04_08 19:11:01,0.5492,-1.4906,7.6884,31.89,32.71,6.006,720,720,,
1108,2019_04_08 19:11:02,1.0983,-0.6276,7.8845,31.87,32.75,6.787,660,690,,
1109,2019_04_08 19:11:03,1.216,-3.2558,8.2768,31.91,32.77,6.055,720,690,,
1110,2019_04_08 19:11:04,0.7845,-2.0398,7.8061,31.91,32.71,6.592,660,720,,
1111,2019_04_08 19:11:05,1.8829,-1.9613,8.1199,31.87,32.71,6.055,720,720,,
1112,2019_04_08 19:11:06,3.7658,-1.2553,8.6299,31.87,32.83,6.152,660,660,,
1113,2019_04_08 19:11:07,2.4713,-0.0392,8.5122,31.91,32.69,7.031,690,720,,
1114,2019_04_08 19:11:08,3.4912,0.6669,8.9437,31.89,32.71,6.055,690,720,,
1115,2019_04_08 19:11:09,-0.5492,-0.9414,7.6884,31.87,32.69,6.641,660,660,,
1116,2019_04_08 19:11:10,0.9414,-1.216,7.8845,31.89,32.75,5.859,720,720,,
1117,2019_04_08 19:11:11,0.9807,-1.6475,7.8453,31.87,32.69,6.201,660,690,,
1118,2019_04_08 19:11:12,-0.8238,-1.1768,6.9039,31.89,32.77,6.152,660,690,,
1119,2019_04_08 19:11:13,2.2359,-2.1182,8.1591,31.91,32.89,6.934,720,720,,
1120,2019_04_08 19:11:14,2.942,-2.1182,8.1199,31.89,32.69,6.299,660,660,,
1121,2019_04_08 19:11:15,2.5105,-2.432,7.8061,31.91,32.83,6.885,720,720,,
1122,2019_04_08 19:11:16,1.9221,-0.7845,7.61,31.93,32.77,6.055,660,720,,
1123,2019_04_08 19:11:17,0.2746,-1.0591,7.9238,31.91,32.71,6.055,660,660,,
1124,2019_04_08 19:11:18,1.8044,-1.0199,7.8453,31.91,32.75,6.055,720,720,,
1125,2019_04_08 19:11:19,1.8044,-0.3138,8.6691,31.91,32.69,7.031,660,660,,
1126,2019_04_08 19:11:20,0.1961,0.0392,7.1785,31.93,32.71,6.25,660,720,,
1127,2019_04_08 19:11:21,2.1182,-0.9414,8.5514,31.89,32.69,6.787,720,720,,
1128,2019_04_08 19:11:22,1.0983,-2.589,7.8453,31.89,32.83,6.25,660,660,,
1129,2019_04_08 19:11:23,2.1967,-0.1569,8.5122,31.87,32.77,6.25,720,720,,
1130,2019_04_08 19:11:24,3.9619,-1.0199,7.963,31.91,32.75,6.592,660,690,,
1131,2019_04_08 19:11:25,0.8238,-1.726,7.5315,31.89,32.77,6.836,660,690,,
1132,2019_04_08 19:11:26,2.079,-2.8635,7.2569,31.91,32.85,6.592,720,720,,
1133,2019_04_08 19:11:27,-1.0591,-3.1381,7.7669,31.93,32.91,7.129,660,660,,
1134,2019_04_08 19:11:28,-0.7453,-1.2553,7.8453,31.91,32.75,6.689,690,720,,
1135,2019_04_08 19:11:29,1.216,-1.4122,7.3354,31.89,32.83,6.445,690,720,,
1136,2019_04_08 19:11:30,2.1182,-1.8437,7.7276,31.89,32.71,6.201,660,660,,
1137,2019_04_08 19:11:31,1.8829,-1.4514,8.4729,31.89,32.91,6.592,690,720,,
1138,2019_04_08 19:11:32,2.8243,-1.7652,7.963,31.91,32.77,6.836,690,660,,
1139,2019_04_08 19:11:33,0.0392,-1.4514,7.5707,31.89,32.83,6.738,660,720,,
1140,2019_04_08 19:11:34,0.0785,-3.295,7.61,31.89,32.85,6.787,660,660,,
1141,2019_04_08 19:11:35,1.2553,-0.9807,8.1591,31.87,32.81,6.543,720,720,,
1142,2019_04_08 19:11:36,2.079,-3.0204,7.61,31.89,32.77,6.299,660,660,,
1143,2019_04_08 19:11:37,-2.079,-2.1967,7.4531,31.89,32.75,6.055,660,720,,
1144,2019_04_08 19:11:38,0.6276,-1.0591,7.61,31.91,32.75,6.982,720,690,,
1145,2019_04_08 19:11:39,2.3928,-2.3536,7.8453,31.89,32.91,6.641,660,690,,
1146,2019_04_08 19:11:40,-1.1376,-1.6867,7.3746,31.89,32.81,6.152,660,690,,
1147,2019_04_08 19:11:41,3.0597,-1.3729,8.0022,31.89,32.75,6.592,660,690,,
1148,2019_04_08 19:11:42,0.3138,-1.216,8.0022,31.89,32.91,6.348,720,720,,
1149,2019_04_08 19:11:43,-0.5884,-2.3536,7.61,31.91,32.85,6.25,660,660,,
1150,2019_04_08 19:11:44,2.6674,-1.9221,8.1984,31.89,32.75,6.934,660,720,,
1151,2019_04_08 19:11:45,1.6083,0.4315,8.4729,31.91,32.99,6.201,720,660,,
1152,2019_04_08 19:11:46,-1.1768,-0.7061,7.6884,31.91,32.95,6.836,660,720,,
1153,2019_04_08 19:11:47,1.0199,-0.6276,7.9238,31.91,32.91,6.836,660,660,,
1154,2019_04_08 19:11:48,-0.5492,-0.9414,7.7669,31.91,32.97,6.006,660,720,,
1155,2019_04_08 19:11:49,1.0199,-0.3923,8.2376,31.91,32.85,6.348,720,660,,
1156,2019_04_08 19:11:50,1.7652,-2.1575,8.1591,31.93,32.75,6.006,660,720,,
1157,2019_04_08 19:11:51,2.2359,-0.9807,7.7276,31.91,32.83,6.836,660,660,,
1158,2019_04_08 19:11:52,-1.5298,-1.6475,7.963,31.91,32.91,6.006,660,720,,
1159,2019_04_08 19:11:53,2.589,-0.7453,8.1984,31.95,32.97,6.592,720,660,,
1160,2019_04_08 19:11:54,0.7061,-1.7652,7.8453,31.95,32.89,6.445,660,720,,
1161,2019_04_08 19:11:55,1.4122,-2.1182,8.2376,31.91,32.85,5.811,660,660,,
1162,2019_04_08 19:11:56,2.2359,-1.2553,7.8845,31.91,32.83,6.006,660,690,,
1163,2019_04_08 19:11:57,-0.6276,0.4315,7.6492,31.93,32.97,6.348,690,690,,
1164,2019_04_08 19:11:58,3.3735,-1.6083,8.316,31.93,32.89,6.494,690,660,,
1165,2019_04_08 19:11:59,0.5099,-1.0199,7.6492,31.91,32.89,5.908,660,720,,
1166,2019_04_08 19:12:00,1.5298,-1.9613,8.1199,31.91,32.83,6.396,660,660,,
1167,2019_04_08 19:12:01,0.0392,-1.2553,7.2569,31.91,32.89,7.031,660,690,,
1168,2019_04_08 19:12:02,0.6276,-1.2553,8.2768,31.93,32.91,6.299,660,690,,
1169,2019_04_08 19:12:03,1.2945,-2.0006,8.1199,31.91,32.85,6.592,690,660,,
1170,2019_04_08 19:12:04,0.0785,-1.4514,7.4923,31.93,32.77,6.836,690,720,,
1171,2019_04_08 19:12:05,1.9221,0.1177,7.6884,31.93,32.89,6.787,660,660,,
1172,2019_04_08 19:12:06,-1.9221,-0.5099,7.4138,31.95,32.95,6.348,660,690,,
1173,2019_04_08 19:12:07,1.4122,-1.4122,7.6492,31.91,32.85,6.006,660,690,,
1174,2019_04_08 19:12:08,2.3928,-0.7061,8.5514,31.91,32.83,6.885,660,660,,
1175,2019_04_08 19:12:09,1.6083,-1.8829,8.1591,31.91,32.85,6.641,660,720,,
1176,2019_04_08 19:12:10,1.6867,-2.1575,8.5906,31.93,32.99,5.957,660,660,,
1177,2019_04_08 19:12:11,1.6083,-1.4122,8.1591,31.91,32.91,6.25,690,660,,
1178,2019_04_08 19:12:12,0,-2.1575,7.7276,31.91,32.81,6.201,690,720,,
1179,2019_04_08 19:12:13,3.0989,0.2354,8.5514,31.93,33.03,6.641,660,660,,
1180,2019_04_08 19:12:14,2.2751,-2.9812,8.2376,31.93,33.03,6.494,660,660,,
1181,2019_04_08 19:12:15,2.1575,-1.1768,8.0807,31.95,32.89,6.396,660,660,,
1182,2019_04_08 19:12:16,2.3144,-1.2945,8.3553,31.91,32.95,6.543,660,720,,
1183,2019_04_08 19:12:17,1.6475,-4.0796,8.316,31.93,32.95,7.08,660,660,,
1184,2019_04_08 19:12:18,1.8437,-1.9613,7.963,31.95,32.97,6.543,660,660,,
1185,2019_04_08 19:12:19,-0.1569,-1.9221,7.2569,31.93,32.91,-0.195,540,540,,