RefNo,Time_Stamp,X_Acceleration,Y_Acceleration,Z_Acceleration,AmbientTemp,BeltTemp,MotorCurrent,DrivenRPM,DriveRPM
4985,2019_04_12 18:04:55,2.942,-2.1182,7.963,32.27,32.19,6.836,1110,1530
4986,2019_04_12 18:04:58,3.7658,-7.0216,8.7868,32.23,32.17,7.08,1080,1440
4987,2019_04_12 18:04:59,3.0989,-2.4713,7.9238,32.31,32.19,6.982,1080,1500
4988,2019_04_12 18:05:00,-1.1768,0.6276,8.4729,32.27,32.21,6.982,1080,1440
4989,2019_04_12 18:05:01,-2.9028,4.1188,8.0807,32.27,32.27,6.641,1080,1500
4990,2019_04_12 18:05:02,3.5696,-6.3155,8.9044,32.25,32.27,6.885,1080,1440
4991,2019_04_12 18:05:18,-0.0785,0.863,8.316,32.33,32.33,6.934,990,1350
4992,2019_04_12 18:05:22,2.1575,-3.4127,8.826,32.27,32.33,6.982,960,1260
4993,2019_04_12 18:05:23,-1.5691,-1.726,9.2967,32.31,32.39,6.738,960,1320
4994,2019_04_12 18:05:23,1.0199,-3.2166,8.4337,32.27,32.35,6.055,960,1260
4995,2019_04_12 18:05:25,-0.0392,0.1961,8.3553,32.27,32.35,6.25,930,1320
4996,2019_04_12 18:05:25,0.5492,-6.1193,7.6884,32.27,32.39,6.396,930,1260
4997,2019_04_12 18:05:27,-0.0785,1.4514,8.3553,32.31,32.41,5.713,900,1200
4998,2019_04_12 18:05:27,0.9807,-4.4326,6.7862,32.33,32.47,6.25,900,1200
4999,2019_04_12 18:05:29,2.0006,-2.3928,7.5315,32.27,32.39,6.152,900,1200
5000,2019_04_12 18:05:30,-2.079,2.1182,7.3354,32.33,32.35,5.859,840,1200
5001,2019_04_12 18:05:31,1.4906,-1.1768,8.2376,32.33,32.39,5.859,900,1200
5002,2019_04_12 18:05:32,1.6867,-3.0989,8.7083,32.33,32.33,6.494,900,1140
5003,2019_04_12 18:05:33,-0.5492,-1.7652,8.1199,32.31,32.41,5.615,840,1200
5004,2019_04_12 18:05:34,-2.079,-2.3536,7.61,32.31,32.45,6.396,900,1200
5005,2019_04_12 18:05:35,0.7061,-1.0591,7.963,32.31,32.45,6.25,900,1200
5006,2019_04_12 18:05:36,1.2553,-2.3144,7.4531,32.31,32.45,5.908,840,1140
5007,2019_04_12 18:05:37,0.9807,-5.2171,8.1591,32.27,32.45,6.543,900,1200
5008,2019_04_12 18:05:38,1.726,-4.3149,8.2768,32.27,32.41,6.445,870,1200
5009,2019_04_12 18:05:39,2.1575,-0.3923,8.8652,32.33,32.47,6.494,870,1200
5010,2019_04_12 18:05:40,1.2945,1.2945,7.4138,32.31,32.47,6.689,900,1200
5011,2019_04_12 18:05:41,2.3144,-2.432,9.1398,32.31,32.55,6.348,840,1140
5012,2019_04_12 18:05:42,1.0983,-6.0801,7.6492,32.31,32.49,6.006,900,1200
5013,2019_04_12 18:05:43,0.5099,2.9812,8.0022,32.33,32.55,5.811,870,1200
5014,2019_04_12 18:05:44,1.3729,4.3934,8.6299,32.31,32.59,5.811,870,1140
5015,2019_04_12 18:05:45,-2.1967,1.4514,6.747,32.31,32.55,5.518,900,1200
5016,2019_04_12 18:05:46,2.9812,4.668,8.5514,32.35,32.55,5.859,840,1140
5017,2019_04_12 18:05:47,3.3735,-2.5497,8.6691,32.31,32.47,6.25,780,1080
5018,2019_04_12 18:05:48,0.0785,-2.8635,7.9238,32.35,32.59,5.859,810,1080
5019,2019_04_12 18:05:49,0.3923,-0.1961,7.61,32.33,32.49,6.152,810,1080
5020,2019_04_12 18:05:50,0.9022,-0.4707,7.5315,32.33,32.49,5.713,780,1080
5021,2019_04_12 18:05:51,-1.3337,-6.0801,7.3354,32.33,32.55,5.615,840,1110
5022,2019_04_12 18:05:52,2.3144,-2.4713,8.6691,32.33,32.49,6.592,780,1110
5023,2019_04_12 18:05:53,2.0006,-1.4514,8.1199,32.33,32.59,5.859,780,1080
5024,2019_04_12 18:05:54,2.9812,0.7453,8.1199,32.33,32.53,6.299,840,1080
5025,2019_04_12 18:05:55,5.0995,1.5691,8.826,32.33,32.53,6.104,780,1080
5026,2019_04_12 18:05:56,4.7856,1.6867,8.6691,32.31,32.61,6.152,810,1080
5027,2019_04_12 18:05:57,2.5105,-6.1978,7.5707,32.31,32.59,5.469,810,1080
5028,2019_04_12 18:05:58,0.6276,-3.0989,7.8453,32.33,32.61,5.42,720,1020
5029,2019_04_12 18:05:59,2.1967,8.6691,10.4735,32.31,32.61,5.518,780,960
5030,2019_04_12 18:06:00,-4.0403,-7.2961,7.5707,32.33,32.69,5.762,720,1020
5031,2019_04_12 18:06:01,2.4713,-2.432,7.61,32.35,32.61,5.469,720,1020
5032,2019_04_12 18:06:02,2.6674,-0.863,8.3945,32.35,32.61,5.322,780,960
5033,2019_04_12 18:06:03,0.6276,-0.6669,8.1591,32.33,32.61,6.25,720,1020
5034,2019_04_12 18:06:04,2.432,-2.0398,7.963,32.33,32.63,5.859,720,1020
5035,2019_04_12 18:06:05,0.2746,2.9028,8.1199,32.31,32.59,5.762,780,960
5036,2019_04_12 18:06:06,2.3928,-0.1961,8.1591,32.33,32.63,6.201,720,1020
5037,2019_04_12 18:06:07,1.4906,-5.9232,8.0415,32.33,32.63,5.762,720,1020
5038,2019_04_12 18:06:08,1.8829,-2.9028,8.1984,32.33,32.67,5.469,750,960
5039,2019_04_12 18:06:09,-0.7845,-2.7066,7.61,32.33,32.61,6.152,750,1020
5040,2019_04_12 18:06:10,2.1967,-2.6674,7.963,32.35,32.61,5.859,720,990
5041,2019_04_12 18:06:11,-0.353,0.3923,7.6884,32.33,32.71,5.713,720,990
5042,2019_04_12 18:06:12,-1.0591,-3.0989,7.2177,32.35,32.71,5.859,780,1020
5043,2019_04_12 18:06:13,1.2553,-0.9022,7.8453,32.35,32.67,5.42,720,960
5044,2019_04_12 18:06:14,4.6287,0.3923,8.3553,32.35,32.63,6.152,720,1020
5045,2019_04_12 18:06:15,-0.7061,5.7663,8.2376,32.33,32.67,5.176,780,1020
5046,2019_04_12 18:06:16,2.6282,-2.0006,7.963,32.33,32.61,5.469,720,960
5047,2019_04_12 18:06:17,2.4713,-0.4707,7.9238,32.35,32.71,5.908,720,1020
5048,2019_04_12 18:06:18,0.8238,-0.7845,7.6884,32.33,32.67,5.859,780,1020
5049,2019_04_12 18:06:19,1.2553,0.5884,8.0022,32.35,32.69,5.957,720,960
5050,2019_04_12 18:06:20,-1.0199,1.7652,7.1785,32.35,32.67,5.908,720,1020
5051,2019_04_12 18:06:21,1.3337,6.4332,9.1006,32.35,32.71,5.859,780,960
5052,2019_04_12 18:06:22,-1.1768,3.805,8.3553,32.33,32.81,5.762,720,1020
5053,2019_04_12 18:06:23,2.0006,-0.1569,8.5906,32.33,32.81,5.225,720,1020
5054,2019_04_12 18:06:24,-1.4906,-0.9414,7.6492,32.33,32.71,6.104,750,960
5055,2019_04_12 18:06:25,2.1575,-5.374,7.9238,32.35,32.71,5.42,750,1020
5056,2019_04_12 18:06:26,-0.9022,0.1961,7.3354,32.35,32.75,5.469,720,1020
5057,2019_04_12 18:06:27,-0.1177,0.0785,7.61,32.33,32.69,5.518,750,960
5058,2019_04_12 18:06:28,0.6276,-1.9221,7.1785,32.35,32.83,6.152,750,1020
5059,2019_04_12 18:06:29,1.8829,0.353,8.0807,32.37,32.77,5.811,720,960
5060,2019_04_12 18:06:30,-0.2354,-4.2757,7.4923,32.35,32.69,5.762,660,960
5061,2019_04_12 18:06:31,-1.0199,-5.1387,7.61,32.33,32.75,5.42,720,900
5062,2019_04_12 18:06:32,0.2354,2.589,8.5906,32.35,32.83,5.42,660,960
5063,2019_04_12 18:06:33,0.1569,0.9022,8.0807,32.35,32.77,5.371,720,900
5064,2019_04_12 18:06:34,0.9022,-0.0785,7.8453,32.33,32.77,5.078,660,960
5065,2019_04_12 18:06:35,0.1961,2.3928,7.8845,32.35,32.75,5.176,720,900
5066,2019_04_12 18:06:36,0.5099,4.1972,8.3945,32.33,32.77,5.859,660,960
5067,2019_04_12 18:06:37,0.2746,0.4707,8.1199,32.35,32.77,5.469,720,900
5068,2019_04_12 18:06:38,0.9022,-2.9028,7.8453,32.35,32.69,5.518,660,930
5069,2019_04_12 18:06:39,1.7652,0.3138,7.7669,32.33,32.81,5.664,660,930
5070,2019_04_12 18:06:40,2.3144,-2.6282,7.5315,32.35,32.71,6.006,720,900
5071,2019_04_12 18:06:41,2.0398,0.0785,7.963,32.35,32.75,5.371,660,960
5072,2019_04_12 18:06:42,2.7459,-1.726,7.5315,32.37,32.71,5.127,720,900
5073,2019_04_12 18:06:43,2.589,-5.374,7.61,32.35,32.75,5.42,660,960
5074,2019_04_12 18:06:44,1.4122,-0.4707,8.316,32.35,32.77,5.811,720,900
5075,2019_04_12 18:06:45,1.2945,-0.7845,9.0221,32.35,32.77,5.225,660,960
5076,2019_04_12 18:06:46,-0.6276,-1.5298,7.3746,32.37,32.81,5.273,720,900
5077,2019_04_12 18:06:47,-0.1569,-4.5111,7.6884,32.35,32.81,5.762,660,960
5078,2019_04_12 18:06:48,-2.2359,-3.0989,7.963,32.35,32.85,5.566,720,900
5079,2019_04_12 18:06:49,-0.5099,2.079,7.6492,32.35,32.85,5.273,660,960
5080,2019_04_12 18:06:50,-1.216,-4.4326,6.747,32.37,32.81,5.518,690,900
5081,2019_04_12 18:06:51,2.432,-2.9028,8.1984,32.35,32.85,5.176,690,960
5082,2019_04_12 18:06:52,1.4514,-3.4912,7.61,32.35,32.83,5.713,660,900
5083,2019_04_12 18:06:53,0.6669,-1.9221,8.1591,32.35,32.85,5.859,720,960
5084,2019_04_12 18:06:54,4.0403,-4.5503,7.7276,32.37,32.83,5.713,660,900
5085,2019_04_12 18:06:55,-0.2746,-0.3138,8.0415,32.33,32.91,5.176,720,900
5086,2019_04_12 18:06:56,2.1575,-1.216,8.1591,32.35,32.97,5.42,660,960
5087,2019_04_12 18:06:57,3.0989,2.8243,8.4729,32.37,32.85,5.566,690,900
5088,2019_04_12 18:06:58,2.8243,-0.6276,8.2376,32.35,32.89,4.932,690,960
5089,2019_04_12 18:06:59,2.2359,-7.5315,7.8845,32.37,32.85,5.029,660,900
5090,2019_04_12 18:07:00,1.6083,-2.1575,8.3553,32.37,32.91,5.469,720,960
5091,2019_04_12 18:07:01,4.0796,-3.4912,8.2768,32.37,32.89,5.566,660,900
5092,2019_04_12 18:07:02,2.7066,-1.8044,8.7083,32.37,32.95,5.859,720,900
5093,2019_04_12 18:07:03,-0.6669,-4.9033,7.0216,32.37,32.85,5.322,660,960
5094,2019_04_12 18:07:04,2.3928,-2.8243,7.8845,32.35,32.97,5.469,660,900
5095,2019_04_12 18:07:05,4.2365,-2.942,8.2768,32.39,32.91,5.469,720,960
5096,2019_04_12 18:07:06,2.3536,-1.1768,8.3553,32.33,32.91,5.273,660,1140
5097,2019_04_12 18:07:07,-2.0398,2.8635,8.5122,32.37,32.83,5.859,720,1080
5098,2019_04_12 18:07:08,2.942,0.5099,8.3945,32.33,32.83,5.518,660,1080
5099,2019_04_12 18:07:09,2.7066,-0.9807,7.6492,32.37,32.85,5.371,720,960
5100,2019_04_12 18:07:10,3.7658,-3.6873,7.8845,32.37,32.89,5.859,660,900
5101,2019_04_12 18:07:11,1.4906,-3.7658,7.3746,32.37,32.85,5.762,720,960
5102,2019_04_12 18:07:12,-2.6674,-3.1774,7.6492,32.35,32.85,5.469,660,960
5103,2019_04_12 18:07:13,-0.2354,-2.8635,8.1591,32.35,32.89,5.322,690,1080
5104,2019_04_12 18:07:14,0.9022,-2.8635,7.4138,32.37,32.89,5.566,690,960
5105,2019_04_12 18:07:15,2.1182,-4.3149,7.8061,32.37,32.95,5.566,660,960
5106,2019_04_12 18:07:16,1.726,-0.2746,8.3553,32.37,32.95,5.127,720,1080
5107,2019_04_12 18:07:17,3.1774,-2.432,8.3553,32.39,32.85,4.883,660,900
5108,2019_04_12 18:07:18,0.2354,-0.0785,8.5906,32.35,32.85,5.273,720,960
5109,2019_04_12 18:07:19,0.1177,-3.3343,7.61,32.35,32.85,5.078,660,900
5110,2019_04_12 18:07:20,-0.7453,-1.1768,7.6884,32.37,32.95,5.225,690,930
5111,2019_04_12 18:07:21,2.3144,-1.6083,8.0022,32.39,32.91,5.518,690,930
5112,2019_04_12 18:07:22,2.3928,-1.6867,7.9238,32.37,32.97,5.371,660,900
5113,2019_04_12 18:07:23,0.9807,-1.8044,8.0022,32.39,33.03,5.664,720,960
5114,2019_04_12 18:07:24,1.3729,1.0983,8.3945,32.39,32.97,5.176,660,900
5115,2019_04_12 18:07:25,1.9221,-0.353,8.1591,32.35,33.03,5.273,660,900
5116,2019_04_12 18:07:26,2.589,-1.0199,7.7276,32.35,32.99,5.566,720,960
5117,2019_04_12 18:07:27,0.8238,-0.0785,8.5906,32.37,32.95,5.176,660,900
5118,2019_04_12 18:07:28,-0.4707,0.2354,7.8845,32.35,32.85,5.225,720,930
5119,2019_04_12 18:07:29,3.0597,-4.5111,7.6884,32.37,32.95,4.98,660,930
5120,2019_04_12 18:07:30,0.2354,-1.9221,7.61,32.35,32.97,5.859,660,900
5121,2019_04_12 18:07:31,2.589,0.5884,8.1591,32.37,33.03,5.176,720,960
5122,2019_04_12 18:07:32,1.3337,-1.0199,7.8061,32.37,32.99,5.225,660,900
5123,2019_04_12 18:07:33,0.7061,-0.5884,7.6884,32.39,32.99,5.225,690,900
5124,2019_04_12 18:07:34,0.0392,-1.4514,7.9238,32.37,32.99,5.811,690,960
5125,2019_04_12 18:07:35,0.7061,-1.4906,8.7083,32.37,32.95,5.42,660,900
5126,2019_04_12 18:07:36,1.0591,-1.6867,8.2768,32.37,32.91,4.932,720,900
5127,2019_04_12 18:07:37,3.2166,0.1177,8.0807,32.37,32.97,5.762,660,960
5128,2019_04_12 18:07:38,2.589,-2.8635,8.1199,32.41,33.13,5.664,660,900
5129,2019_04_12 18:07:39,1.4514,2.3928,8.2768,32.39,32.99,5.371,690,900
5130,2019_04_12 18:07:40,-0.4315,0,7.8061,32.37,33.07,5.225,690,960
5131,2019_04_12 18:07:41,1.3729,1.1376,8.1984,32.39,33.11,5.371,660,900
5132,2019_04_12 18:07:42,-0.4315,0.2746,8.1591,32.39,33.11,5.127,690,900
5133,2019_04_12 18:07:43,1.8437,-4.2365,7.6884,32.41,33.11,5.322,690,900
5134,2019_04_12 18:07:44,1.9221,1.8437,8.0807,32.41,32.97,5.176,660,960
5135,2019_04_12 18:07:45,-0.6669,-3.6481,7.4138,32.37,32.99,5.371,660,900
5136,2019_04_12 18:07:46,-0.0392,-5.8055,7.4138,32.39,32.99,5.273,720,900
5137,2019_04_12 18:07:47,0.6669,-0.1177,8.0807,32.39,33.07,5.371,660,960
5138,2019_04_12 18:07:48,1.216,2.3144,8.316,32.41,32.99,5.566,660,900
5139,2019_04_12 18:07:49,0.3138,-1.7652,7.8061,32.37,33.05,5.615,720,900
5140,2019_04_12 18:07:50,-0.353,1.1376,7.8453,32.37,33.07,5.42,660,900
5141,2019_04_12 18:07:51,0.4707,-0.1961,7.8061,32.39,33.11,5.371,660,960
5142,2019_04_12 18:07:52,-0.1961,-0.0392,7.0608,32.37,33.03,4.98,720,900
5143,2019_04_12 18:07:53,1.0591,1.6867,8.9829,32.37,32.99,5.469,660,900
5144,2019_04_12 18:07:54,-0.1177,0.4315,7.7669,32.37,33.07,5.811,660,900
5145,2019_04_12 18:07:55,2.8243,-2.7851,7.4923,32.41,33.11,5.469,660,960
5146,2019_04_12 18:07:56,0.5099,-2.3144,7.2177,32.35,32.99,5.762,720,900
5147,2019_04_12 18:07:57,1.8829,-1.216,8.0415,32.39,33.13,5.078,660,900
5148,2019_04_12 18:07:58,3.1774,0.8238,8.0022,32.41,33.13,5.42,660,900
5149,2019_04_12 18:07:59,3.1381,-2.079,7.7276,32.39,33.11,4.98,720,960
5150,2019_04_12 18:08:00,-0.0392,0.353,7.7669,32.41,33.03,5.762,660,900
5151,2019_04_12 18:08:01,0.7061,0.2354,7.8453,32.39,33.11,5.127,660,900
5152,2019_04_12 18:08:02,0.7845,-0.0392,7.7276,32.37,33.07,5.469,690,900
5153,2019_04_12 18:08:03,2.589,-1.0983,7.9238,32.41,33.07,5.566,690,960
5154,2019_04_12 18:08:04,0.353,-0.863,7.5707,32.41,33.05,5.029,660,900
5155,2019_04_12 18:08:05,2.7066,-1.726,8.1199,32.39,33.13,5.664,660,960
5156,2019_04_12 18:08:06,0.3923,-1.2945,8.5514,32.37,33.11,5.273,720,960
5157,2019_04_12 18:08:07,0.9807,-0.353,8.3553,32.37,33.07,5.273,660,1020
5158,2019_04_12 18:08:08,0.7453,-2.2751,7.5315,32.39,33.13,5.322,660,900
5159,2019_04_12 18:08:09,1.3337,1.3729,8.1984,32.39,33.11,5.225,690,900
5160,2019_04_12 18:08:10,-0.863,-1.0199,7.3746,32.37,33.03,5.078,690,900
5161,2019_04_12 18:08:11,0.6669,2.7459,8.0807,32.39,33.13,5.42,660,960
5162,2019_04_12 18:08:12,1.9613,-1.5298,7.7669,32.41,33.07,5.762,660,900
5163,2019_04_12 18:08:13,2.3536,-2.079,7.8453,32.41,33.11,5.42,690,900
5164,2019_04_12 18:08:14,1.9221,-1.0591,7.7276,32.43,33.07,5.127,690,900
5165,2019_04_12 18:08:15,1.3729,-1.726,7.61,32.39,33.11,5.42,660,900
5166,2019_04_12 18:08:16,1.216,-0.3138,8.1984,32.39,33.07,5.176,660,960
5167,2019_04_12 18:08:17,-0.2746,-2.1575,7.7669,32.41,33.07,5.322,720,900
5168,2019_04_12 18:08:18,0.4707,1.4122,8.5122,32.39,33.17,5.078,660,900
5169,2019_04_12 18:08:19,0.1961,-0.353,8.1199,32.39,33.19,5.518,660,900
5170,2019_04_12 18:08:20,-0.7845,1.6475,7.7276,32.39,33.07,5.908,660,900
5171,2019_04_12 18:08:21,-0.6669,-0.3923,8.3945,32.39,33.13,5.371,720,930
5172,2019_04_12 18:08:22,0.9414,-1.5691,8.0415,32.39,33.05,5.371,660,930
5173,2019_04_12 18:08:23,1.5298,-2.079,8.1199,32.43,33.07,5.078,660,900
5174,2019_04_12 18:08:24,0.7845,-4.2365,7.2961,32.39,33.13,5.029,660,900
5175,2019_04_12 18:08:25,0.9414,-2.6674,7.2961,32.41,33.13,5.029,690,900
5176,2019_04_12 18:08:26,-0.4707,1.1768,8.1591,32.41,33.11,5.127,690,900
5177,2019_04_12 18:08:27,1.3337,-2.1967,7.3746,32.41,33.19,5.273,660,900
5178,2019_04_12 18:08:28,1.3729,-1.8044,8.3945,32.41,33.21,5.859,660,960
5179,2019_04_12 18:08:29,1.4122,-2.6282,7.6884,32.43,33.19,5.42,660,900
5180,2019_04_12 18:08:30,0.8238,-1.4122,7.8061,32.39,33.13,5.225,690,900
5181,2019_04_12 18:08:31,2.1967,-2.3144,7.8845,32.39,33.13,5.908,690,900
5182,2019_04_12 18:08:32,2.9812,-0.1961,8.0807,32.43,33.21,4.932,660,900
5183,2019_04_12 18:08:33,1.6083,-2.589,8.2376,32.39,33.13,5.225,660,900
5184,2019_04_12 18:08:34,-0.6276,-2.7851,6.9823,32.43,33.17,5.518,660,900
5185,2019_04_12 18:08:35,0.9022,-3.7265,8.2768,32.45,33.13,5.176,720,960
5186,2019_04_12 18:08:36,2.0398,-2.942,8.1984,32.41,33.19,5.225,660,900
5187,2019_04_12 18:08:37,1.6475,-2.079,7.7669,32.43,33.17,5.762,660,900
5188,2019_04_12 18:08:38,1.3729,0.1569,8.2376,32.39,33.13,4.98,660,900
5189,2019_04_12 18:08:39,2.0006,-0.2354,8.0807,32.41,33.19,5.176,720,900
5190,2019_04_12 18:08:40,0.863,-2.5105,7.8061,32.41,33.13,5.322,660,930
5191,2019_04_12 18:08:41,3.1381,-2.3536,8.1199,32.41,33.13,5.322,660,930
5192,2019_04_12 18:08:42,1.216,-1.6867,8.2376,32.41,33.17,5.42,660,900
5193,2019_04_12 18:08:43,4.2757,-3.7265,7.5707,32.43,33.17,5.176,660,900
5194,2019_04_12 18:08:44,3.0989,-0.8238,7.8061,32.41,33.13,5.713,720,900
5195,2019_04_12 18:08:45,0.7845,-2.2751,8.0807,32.41,33.13,5.811,660,900
5196,2019_04_12 18:08:46,0.3923,-0.1177,7.7276,32.43,33.13,5.225,660,900
5197,2019_04_12 18:08:47,0.5884,-2.4713,8.2768,32.43,33.13,4.98,660,900
5198,2019_04_12 18:08:48,2.0398,-2.7066,7.4923,32.43,33.13,5.078,660,930
5199,2019_04_12 18:08:49,1.1768,-0.5492,7.4923,32.43,33.13,4.98,720,930
5200,2019_04_12 18:08:50,0,1.5298,8.4337,32.43,33.13,5.42,660,900
5201,2019_04_12 18:08:51,3.5304,-3.9227,7.6884,32.45,33.21,5.225,660,900
5202,2019_04_12 18:08:52,2.3928,-1.3337,8.2768,32.43,33.13,5.273,660,900
5203,2019_04_12 18:08:53,2.1575,-0.5099,7.8453,32.45,33.17,5.371,690,900
5204,2019_04_12 18:08:54,0.1569,-0.1569,8.1591,32.39,33.25,5.273,690,900
5205,2019_04_12 18:08:55,2.1182,-0.353,7.9238,32.41,33.25,5.029,660,960
5206,2019_04_12 18:08:56,1.9221,2.1967,8.3945,32.43,33.17,5.127,660,900
5207,2019_04_12 18:08:57,-0.3923,-1.6867,7.6884,32.43,33.21,5.566,660,900
5208,2019_04_12 18:08:58,1.0983,-3.2166,7.8845,32.43,33.29,5.273,660,900
5209,2019_04_12 18:08:59,2.6674,-1.1376,7.9238,32.43,33.27,5.615,720,900
5210,2019_04_12 18:09:00,1.6475,-3.0204,7.6492,32.45,33.21,5.127,660,900
5211,2019_04_12 18:09:01,2.3144,-1.7652,9.179,32.43,33.27,6.055,660,900
5212,2019_04_12 18:09:02,1.5298,0.5884,8.0807,32.45,33.17,5.322,660,900
5213,2019_04_12 18:09:03,0.863,-1.8437,8.0415,32.41,33.25,4.932,660,900
5214,2019_04_12 18:09:04,2.079,-3.0204,7.8845,32.45,33.25,5.908,690,900
5215,2019_04_12 18:09:05,0.9807,-2.7066,7.8453,32.45,33.19,4.98,690,930
5216,2019_04_12 18:09:06,1.5691,-1.2945,7.7276,32.41,33.21,5.762,660,930
5217,2019_04_12 18:09:07,0.9807,-5.2956,7.7276,32.43,33.21,5.469,660,900
5218,2019_04_12 18:09:08,-0.1569,2.589,8.1199,32.43,33.25,5.615,660,900
5219,2019_04_12 18:09:09,-0.0785,-0.7845,7.8453,32.43,33.21,5.322,660,900
5220,2019_04_12 18:09:10,0.2746,2.6674,7.963,32.45,33.13,6.006,690,900
5221,2019_04_12 18:09:11,1.9613,0.7453,7.9238,32.43,33.19,5.469,690,900
5222,2019_04_12 18:09:12,0.5492,1.0591,8.2376,32.43,33.21,4.932,660,900
5223,2019_04_12 18:09:13,0.1961,2.0398,7.7276,32.43,33.21,5.273,660,900
5224,2019_04_12 18:09:14,3.4127,-3.7265,7.8061,32.45,33.29,5.371,660,900
5225,2019_04_12 18:09:15,0.7453,-2.7459,7.7276,32.41,33.27,5.469,660,900
5226,2019_04_12 18:09:16,2.1575,-1.5298,7.4923,32.43,33.19,5.908,660,900
5227,2019_04_12 18:09:17,2.7066,1.0591,8.6299,32.45,33.29,5.615,690,900
5228,2019_04_12 18:09:18,1.1768,-3.1774,8.0022,32.41,33.25,5.273,690,900
5229,2019_04_12 18:09:19,1.0591,1.6475,8.5906,32.43,33.17,5.713,660,900
5230,2019_04_12 18:09:20,1.3337,-2.1182,8.1199,32.41,33.25,5.713,660,900
5231,2019_04_12 18:09:21,0.5884,1.8044,8.4337,32.43,33.27,4.932,660,900
5232,2019_04_12 18:09:22,2.4713,-0.5884,7.4138,32.45,33.21,5.664,660,900
5233,2019_04_12 18:09:23,2.0398,-5.1779,8.0807,32.45,33.27,5.615,660,900
5234,2019_04_12 18:09:24,1.3337,-2.7459,7.8453,32.43,33.29,5.127,660,900
5235,2019_04_12 18:09:25,-0.0785,-2.1575,8.0807,32.43,33.13,5.371,660,900
5272,2019_04_12 18:51:21,1.5298,-3.0989,8.826,32.21,31.83,6.152,750,930
5273,2019_04_12 18:51:24,1.4906,-2.5497,7.8061,32.23,31.89,6.006,660,960
5274,2019_04_12 18:51:25,0.5099,-0.8238,7.5315,32.23,31.89,6.006,720,900
5275,2019_04_12 18:51:26,4.3934,-1.1376,8.2376,32.23,31.85,6.055,660,960
5276,2019_04_12 18:51:27,1.4514,-0.5492,7.6492,32.23,31.85,6.592,720,900
5277,2019_04_12 18:51:28,0.3138,2.7851,8.0415,32.23,31.91,5.908,660,960
5278,2019_04_12 18:51:29,2.4713,-1.216,8.0415,32.23,31.95,5.664,720,900
5279,2019_04_12 18:51:30,1.1376,-2.3536,8.0415,32.23,31.91,6.055,660,960
5280,2019_04_12 18:51:31,0.5884,-0.863,7.963,32.21,31.91,5.957,720,900
5281,2019_04_12 18:51:32,4.2757,-2.5497,8.5906,32.23,31.91,5.859,660,960
5282,2019_04_12 18:51:33,-1.0199,-0.9414,7.1392,32.23,31.95,6.201,720,900
5283,2019_04_12 18:51:34,0.7845,-0.9807,8.2376,32.21,31.95,5.615,660,960
5284,2019_04_12 18:51:35,2.6674,-4.2365,8.316,32.21,31.95,5.615,690,900
5285,2019_04_12 18:51:36,1.4514,-3.295,8.0022,32.21,31.97,5.615,690,960
5286,2019_04_12 18:51:37,3.0989,-3.3735,7.1392,32.21,31.99,5.957,690,900
5287,2019_04_12 18:51:38,-0.4315,3.0597,8.3553,32.23,31.97,6.201,690,960
5288,2019_04_12 18:51:39,1.1768,-0.5099,8.6299,32.21,31.97,5.859,660,900
5289,2019_04_12 18:51:40,2.0006,0.7453,8.5906,32.21,31.97,5.615,720,960
5290,2019_04_12 18:51:41,0.0392,-0.1961,7.7276,32.21,31.99,6.592,660,900
5291,2019_04_12 18:51:42,2.6674,2.432,8.826,32.21,32.09,6.299,720,960
5292,2019_04_12 18:51:43,-0.863,-0.3923,7.5707,32.19,32.05,5.713,660,900
5293,2019_04_12 18:51:44,1.216,-1.4906,7.4923,32.23,32.05,6.25,720,960
5294,2019_04_12 18:51:45,5.021,0.353,8.6691,32.21,31.97,5.859,660,900
5295,2019_04_12 18:51:46,3.9227,-3.2166,7.6884,32.21,32.11,6.006,720,960
5296,2019_04_12 18:51:47,-0.2746,0.1177,7.5315,32.17,31.99,5.615,660,900
5297,2019_04_12 18:51:48,-1.2945,-4.9033,6.6293,32.19,32.05,5.566,690,900
5298,2019_04_12 18:51:49,-1.4514,0.863,8.5122,32.21,32.05,6.055,690,960
5299,2019_04_12 18:51:50,4.3149,-5.6486,7.4923,32.21,32.09,6.348,660,900
5300,2019_04_12 18:51:51,-0.1961,4.6287,8.6691,32.19,32.05,5.908,720,960
5301,2019_04_12 18:51:52,3.7658,-6.5901,7.963,32.19,32.05,6.201,660,900
5302,2019_04_12 18:51:53,1.0199,-1.8437,8.316,32.21,32.13,6.104,660,900
5303,2019_04_12 18:51:54,-0.2354,1.3729,7.8061,32.21,32.09,6.104,720,960
5304,2019_04_12 18:51:55,3.6088,-1.8044,8.316,32.21,32.09,5.762,660,900
5305,2019_04_12 18:51:56,-0.9807,1.0199,7.6884,32.19,32.11,5.518,720,960
5306,2019_04_12 18:51:57,1.3337,2.942,8.9829,32.19,32.09,5.713,660,900
5307,2019_04_12 18:51:58,3.6873,-3.9227,7.1392,32.21,32.11,5.957,690,930
5308,2019_04_12 18:51:59,2.6674,-2.7459,7.4531,32.17,32.09,6.25,690,930
5309,2019_04_12 18:52:00,2.079,-3.0204,8.1984,32.19,32.13,6.396,660,900
5310,2019_04_12 18:52:01,0.353,0.1569,7.9238,32.17,32.11,6.055,720,960
5311,2019_04_12 18:52:02,2.9812,-2.7066,8.6299,32.17,32.05,5.859,660,900
5312,2019_04_12 18:52:03,1.9613,-3.7658,7.7669,32.19,32.11,5.469,720,960
5313,2019_04_12 18:52:04,1.1768,3.2558,8.8652,32.15,32.09,6.299,660,900
5314,2019_04_12 18:52:05,0.1569,-1.1376,8.2376,32.19,32.11,6.396,660,900
5315,2019_04_12 18:52:06,2.3144,-3.6088,7.8061,32.17,32.13,5.469,720,960
5316,2019_04_12 18:52:07,-0.6276,-2.6674,7.2177,32.19,32.13,5.566,660,900
5317,2019_04_12 18:52:08,-0.7061,-0.5884,7.2177,32.17,32.09,5.566,690,960
5318,2019_04_12 18:52:09,0.0785,-0.8238,8.316,32.19,32.13,5.713,690,900
5319,2019_04_12 18:52:10,2.9812,-2.1182,8.5906,32.19,32.13,5.469,660,900
5320,2019_04_12 18:52:11,0.5492,-2.7851,7.6492,32.19,32.19,5.615,720,960
5321,2019_04_12 18:52:12,3.295,0.1177,8.5122,32.15,32.17,5.713,660,900
5322,2019_04_12 18:52:13,1.9221,-0.0785,8.5514,32.17,32.13,5.859,690,960
5323,2019_04_12 18:52:14,0.0785,-1.0591,7.4138,32.19,32.17,6.006,690,900
5324,2019_04_12 18:52:15,1.4122,-4.158,7.8453,32.15,32.17,5.859,660,900
5325,2019_04_12 18:52:16,0.6669,-2.4713,7.8453,32.15,32.13,5.713,720,960
5326,2019_04_12 18:52:17,-0.6276,-1.3337,7.4531,32.21,32.25,5.664,660,900
5327,2019_04_12 18:52:18,-1.0199,-5.6094,6.8647,32.17,32.25,5.713,660,930
5328,2019_04_12 18:52:19,1.3337,-2.0398,8.5122,32.17,32.21,5.664,720,930
5329,2019_04_12 18:52:20,0.2746,-0.353,7.6884,32.17,32.27,5.811,660,900
5330,2019_04_12 18:52:21,0.3923,-2.589,8.316,32.17,32.21,5.811,720,960
5331,2019_04_12 18:52:22,1.0983,1.4514,8.1591,32.17,32.27,5.859,660,900
5332,2019_04_12 18:52:23,0.5884,-0.3923,8.0807,32.15,32.21,5.908,660,960
5333,2019_04_12 18:52:24,3.0597,-4.0796,7.8453,32.19,32.19,6.25,720,900
5334,2019_04_12 18:52:25,-0.0392,-3.0989,7.9238,32.15,32.19,6.201,660,900
5335,2019_04_12 18:52:26,0.3138,0.0392,8.0415,32.17,32.19,5.42,720,960
5336,2019_04_12 18:52:27,-0.1961,-3.9227,7.8453,32.19,32.21,5.42,660,900
5337,2019_04_12 18:52:28,0.1569,-0.0392,7.7669,32.21,32.31,5.811,660,900
5338,2019_04_12 18:52:29,3.9619,-1.0199,8.2768,32.17,32.21,5.664,720,960
5339,2019_04_12 18:52:30,0.9022,-0.5492,7.6492,32.15,32.19,5.664,660,900
5340,2019_04_12 18:52:31,0.6276,-2.6282,8.1984,32.21,32.33,6.055,660,900
5341,2019_04_12 18:52:32,-0.0392,3.5304,8.5122,32.21,32.31,6.104,720,960
5342,2019_04_12 18:52:33,4.0796,-1.3337,7.5707,32.19,32.27,5.762,660,900
5343,2019_04_12 18:52:34,0.4315,0.0785,8.5514,32.19,32.27,5.176,690,900
5344,2019_04_12 18:52:35,1.1768,-1.3337,8.316,32.19,32.25,5.469,690,960
5345,2019_04_12 18:52:36,3.7265,-1.9221,8.2376,32.15,32.21,5.859,660,900
5346,2019_04_12 18:52:37,0.8238,-3.5696,8.316,32.19,32.27,5.664,690,900
5347,2019_04_12 18:52:38,2.1182,0.6669,8.5906,32.19,32.21,5.566,690,960
5348,2019_04_12 18:52:39,4.3542,-2.432,8.0415,32.19,32.35,5.762,660,900
5349,2019_04_12 18:52:40,2.589,-0.2354,8.0022,32.15,32.31,5.811,720,900
5350,2019_04_12 18:52:41,-0.7453,-0.7453,7.6492,32.19,32.31,6.104,660,960
5351,2019_04_12 18:52:42,1.5298,-1.8044,7.7669,32.19,32.25,5.469,660,900
5352,2019_04_12 18:52:43,0.6276,-2.3536,8.0415,32.19,32.31,5.518,720,960
5353,2019_04_12 18:52:44,2.1182,-1.5691,8.0415,32.19,32.33,5.908,660,900
5354,2019_04_12 18:52:45,1.5691,-1.726,7.4531,32.19,32.27,5.371,660,900
5355,2019_04_12 18:52:47,0.8238,-2.1575,7.2177,32.21,32.33,6.055,720,960
5356,2019_04_12 18:52:47,3.3343,-1.9221,8.1591,32.17,32.33,5.566,660,900
5357,2019_04_12 18:52:48,-0.5099,-2.0398,7.0608,32.17,32.31,6.104,690,900
5358,2019_04_12 18:52:49,-0.353,2.7459,8.2376,32.19,32.35,5.518,690,960
5359,2019_04_12 18:52:50,-1.3729,-2.1575,7.7276,32.19,32.41,5.762,660,900
5360,2019_04_12 18:52:51,2.2359,-2.0398,7.6492,32.21,32.39,5.908,720,900
5361,2019_04_12 18:52:52,-0.4315,-2.1182,7.5315,32.19,32.35,5.469,660,960
5362,2019_04_12 18:52:53,5.2564,-3.2558,7.8453,32.17,32.33,6.055,660,900
5363,2019_04_12 18:52:54,3.2166,0.2354,8.316,32.21,32.39,5.811,720,900
5364,2019_04_12 18:52:55,-0.9022,-0.2354,8.4337,32.19,32.45,5.518,660,960
5365,2019_04_12 18:52:56,-0.1569,-4.5111,7.3354,32.19,32.35,5.811,690,900
5366,2019_04_12 18:52:57,0.1177,2.6282,7.4531,32.19,32.41,5.176,690,960
5367,2019_04_12 18:52:58,1.216,5.4917,8.0415,32.19,32.33,6.055,660,900
5368,2019_04_12 18:52:59,0.0392,-2.5105,7.3746,32.21,32.39,5.127,720,900
5369,2019_04_12 18:53:00,-0.7453,-1.8044,7.5707,32.19,32.35,6.299,660,960
5370,2019_04_12 18:53:01,4.4326,-5.4133,8.3553,32.21,32.39,5.518,660,900
5371,2019_04_12 18:53:02,-0.5099,1.0199,8.316,32.19,32.35,5.322,720,900
5372,2019_04_12 18:53:03,-0.9414,-2.1967,7.4531,32.21,32.39,5.518,660,960
5373,2019_04_12 18:53:04,3.6088,-1.9221,7.7669,32.21,32.33,5.664,720,900
5374,2019_04_12 18:53:05,0.3923,-0.3923,7.5315,32.19,32.35,5.615,660,960
5375,2019_04_12 18:53:06,-0.7061,2.1575,8.1199,32.19,32.45,5.615,660,900
5376,2019_04_12 18:53:07,4.2365,0.5884,7.9238,32.19,32.35,5.713,720,900
5377,2019_04_12 18:53:08,4.1188,0.0785,8.316,32.19,32.41,5.713,660,960
5378,2019_04_12 18:53:09,-0.1177,-1.216,7.4923,32.17,32.39,6.152,660,900
5379,2019_04_12 18:53:10,-1.8437,-0.9807,8.3945,32.17,32.41,5.566,720,900
5380,2019_04_12 18:53:11,-0.9414,-2.9812,7.4138,32.19,32.45,6.25,660,960
5381,2019_04_12 18:53:12,2.4713,-1.9613,8.3553,32.19,32.35,6.152,660,900
5382,2019_04_12 18:53:13,3.2166,-1.7652,8.0022,32.19,32.45,5.127,720,900
5383,2019_04_12 18:53:14,-1.2553,-0.4707,7.5707,32.21,32.39,5.518,660,960
5384,2019_04_12 18:53:15,-0.9807,-3.6481,7.2961,32.21,32.49,5.664,660,900
5385,2019_04_12 18:53:16,3.295,-3.1774,7.5315,32.19,32.39,5.322,720,900
5386,2019_04_12 18:53:17,1.0199,-1.4906,7.4923,32.19,32.41,5.42,660,900
5387,2019_04_12 18:53:18,1.5298,-2.2359,7.9238,32.17,32.45,5.42,660,960
5388,2019_04_12 18:53:19,-1.3729,-1.6083,7.0216,32.19,32.47,5.42,720,900
5389,2019_04_12 18:53:20,2.1967,-2.432,8.1199,32.19,32.41,5.615,660,900
5390,2019_04_12 18:53:21,-0.5099,-3.2558,7.9238,32.17,32.45,5.273,660,960
5391,2019_04_12 18:53:22,2.0006,-2.1575,7.6884,32.19,32.45,5.42,720,900
5392,2019_04_12 18:53:23,-0.1569,2.3144,8.3945,32.17,32.47,5.371,660,900
5393,2019_04_12 18:53:24,-0.4315,0.3923,8.6299,32.19,32.47,5.371,690,960
5394,2019_04_12 18:53:25,-0.9022,-1.0591,7.8453,32.17,32.45,5.664,690,900
5395,2019_04_12 18:53:26,1.1376,0,8.5906,32.19,32.47,5.42,660,900
5396,2019_04_12 18:53:27,-0.353,-3.1381,7.5707,32.19,32.49,5.713,660,960
5397,2019_04_12 18:53:28,2.7066,-3.3735,7.4923,32.19,32.45,5.469,720,900
5398,2019_04_12 18:53:29,1.726,1.4514,8.5514,32.17,32.41,5.811,660,900
5399,2019_04_12 18:53:30,-0.4707,-5.5702,7.5707,32.19,32.49,5.176,660,930
5400,2019_04_12 18:53:31,-0.5492,-1.1768,7.4923,32.19,32.49,5.664,720,930
5401,2019_04_12 18:53:32,2.589,-3.4912,7.4923,32.19,32.49,5.518,660,900
5402,2019_04_12 18:53:33,0.1177,-0.7453,8.3553,32.19,32.41,5.322,660,900
5403,2019_04_12 18:53:34,-0.5884,-1.6083,7.8845,32.17,32.41,5.225,720,960
5404,2019_04_12 18:53:35,1.9221,-0.4707,8.1591,32.19,32.53,5.322,660,900
5405,2019_04_12 18:53:36,0.9022,-1.0199,8.8652,32.19,32.53,5.225,660,900
5406,2019_04_12 18:53:37,1.4122,2.8243,8.2376,32.15,32.49,5.42,720,960
5407,2019_04_12 18:53:38,0.3923,1.1376,7.8061,32.19,32.45,5.518,660,900
5408,2019_04_12 18:53:39,0.0392,-2.1182,8.3945,32.17,32.55,5.42,660,900
5409,2019_04_12 18:53:40,-0.1569,-3.2166,7.2961,32.19,32.47,5.664,720,960
5410,2019_04_12 18:53:41,2.7851,-3.3343,7.3354,32.17,32.55,5.908,660,900
5411,2019_04_12 18:53:43,-1.2553,-1.0591,8.1984,32.19,32.49,5.176,660,900
5412,2019_04_12 18:53:43,0.8238,1.4906,7.4531,32.17,32.53,5.811,720,900
5413,2019_04_12 18:53:45,0.1961,-0.353,7.9238,32.19,32.59,5.664,660,960
5414,2019_04_12 18:53:45,0.7061,-3.1774,7.4531,32.17,32.53,5.664,660,900
5415,2019_04_12 18:53:47,1.9221,-1.4906,8.0807,32.19,32.49,5.566,720,900
5416,2019_04_12 18:53:47,-0.1177,-2.2751,7.9238,32.15,32.49,5.908,660,960
5417,2019_04_12 18:53:49,0.353,-3.2558,7.5315,32.15,32.49,6.25,660,900
5418,2019_04_12 18:53:49,0.8238,1.1376,8.1984,32.17,32.53,6.152,720,900
5419,2019_04_12 18:53:51,2.8243,-2.432,8.0415,32.17,32.55,5.273,660,900
5420,2019_04_12 18:53:51,-0.0392,0.863,8.5906,32.15,32.67,5.42,660,960
5421,2019_04_12 18:53:53,1.6475,0.863,8.1591,32.21,32.61,5.176,660,900
5422,2019_04_12 18:53:53,3.9227,-2.079,7.5315,32.17,32.67,5.518,720,900
5423,2019_04_12 18:53:55,1.6083,-0.1961,8.4729,32.17,32.53,5.371,660,900
5424,2019_04_12 18:53:55,-0.7845,-3.5696,8.1199,32.21,32.63,5.957,660,960
5425,2019_04_12 18:53:57,-0.9022,-4.3934,8.2768,32.17,32.63,6.055,720,900
5426,2019_04_12 18:53:57,3.2558,-4.2757,7.6492,32.17,32.63,5.713,660,900
5427,2019_04_12 18:53:59,-0.4315,1.6475,7.5315,32.19,32.71,5.078,660,930
5428,2019_04_12 18:53:59,1.3337,-1.1376,7.963,32.19,32.63,6.006,690,930
5429,2019_04_12 18:54:01,1.6475,-0.1961,8.0415,32.19,32.69,6.055,690,900
5430,2019_04_12 18:54:02,0.1177,1.0199,8.0022,32.21,32.69,4.98,660,900
5431,2019_04_12 18:54:03,1.6083,0.3138,8.3553,32.21,32.69,5.078,660,900
5432,2019_04_12 18:54:04,-0.1177,0.7061,8.7083,32.19,32.55,5.811,720,960
5433,2019_04_12 18:54:05,1.0199,-1.3729,7.4923,32.17,32.49,5.322,660,900
5434,2019_04_12 18:54:06,3.5696,-4.5111,7.2177,32.19,32.61,5.029,660,900
5435,2019_04_12 18:54:07,0.0785,-1.8829,7.963,32.19,32.63,5.664,690,900
5436,2019_04_12 18:54:08,1.216,0.9022,8.5906,32.21,32.71,6.055,690,960
5437,2019_04_12 18:54:09,0.7061,0.1569,7.6884,32.21,32.69,5.957,660,900
5438,2019_04_12 18:54:10,-0.1961,-2.589,8.1984,32.21,32.67,5.566,660,900
5439,2019_04_12 18:54:11,1.0199,-0.1177,8.0415,32.21,32.61,5.322,720,900
5440,2019_04_12 18:54:12,1.8044,0.9022,8.0022,32.19,32.55,5.176,660,900
5441,2019_04_12 18:54:13,3.2558,-1.8829,7.5707,32.21,32.67,5.908,660,960
5442,2019_04_12 18:54:14,3.8834,-0.6669,8.2768,32.21,32.61,5.273,660,900
5443,2019_04_12 18:54:15,2.7066,-2.079,8.1591,32.23,32.63,5.127,720,900
5444,2019_04_12 18:54:16,0.9807,-2.1182,8.0022,32.23,32.67,5.664,660,900
5445,2019_04_12 18:54:17,-0.6276,-0.2746,7.0608,32.21,32.61,5.859,660,900
5446,2019_04_12 18:54:18,-1.0199,-0.7061,7.7669,32.23,32.63,5.811,660,960
5447,2019_04_12 18:54:19,2.8243,-2.8635,7.2961,32.21,32.71,5.029,720,900
5448,2019_04_12 18:54:20,-0.9807,-2.589,7.2961,32.21,32.71,5.469,660,900
5449,2019_04_12 18:54:21,-0.3138,-1.0591,7.7276,32.23,32.69,5.176,660,900
5450,2019_04_12 18:54:22,0.4707,0.1961,8.1984,32.19,32.67,5.42,660,900
5451,2019_04_12 18:54:23,-0.0392,-1.2553,7.5315,32.21,32.69,5.566,720,960
5452,2019_04_12 18:54:24,-0.3923,-0.1569,7.7669,32.21,32.61,5.859,660,900
5453,2019_04_12 18:54:25,3.4912,0.863,7.8453,32.19,32.75,5.859,660,900
5454,2019_04_12 18:54:26,-0.4707,0.0392,7.5315,32.23,32.69,5.322,660,900
5455,2019_04_12 18:54:27,-0.6276,0.9414,8.3945,32.23,32.75,5.908,720,900
5456,2019_04_12 18:54:28,-0.1177,-2.432,7.7669,32.23,32.69,5.176,660,960
5457,2019_04_12 18:54:29,3.4127,-3.6088,8.0807,32.23,32.69,5.078,660,900
5458,2019_04_12 18:54:30,-0.6276,3.2166,8.1591,32.23,32.71,5.518,720,900
5459,2019_04_12 18:54:31,1.3729,-2.0398,8.0807,32.23,32.71,5.469,660,960
5460,2019_04_12 18:54:32,2.942,1.6083,8.2768,32.21,32.69,5.127,660,900
5461,2019_04_12 18:54:33,-1.2945,1.8437,7.8061,32.21,32.75,5.908,690,900
5462,2019_04_12 18:54:34,1.216,2.589,8.6691,32.23,32.69,4.98,690,900
5463,2019_04_12 18:54:35,1.6083,2.2751,8.8652,32.23,32.69,5.127,660,960
5464,2019_04_12 18:54:36,1.216,-0.5884,8.2768,32.23,32.71,5.664,660,900
5465,2019_04_12 18:54:37,1.7652,-1.6475,7.8453,32.23,32.69,5.273,720,900
5466,2019_04_12 18:54:38,-1.0983,-3.3735,7.8453,32.21,32.81,5.469,660,900
5467,2019_04_12 18:54:39,0.0392,-1.5691,7.7276,32.23,32.69,5.225,660,930
5468,2019_04_12 18:54:40,1.216,-2.3144,7.6884,32.21,32.67,5.859,660,930
5469,2019_04_12 18:54:41,4.5895,-6.0017,8.3553,32.19,32.69,5.176,720,900
5470,2019_04_12 18:54:42,-1.7652,2.2359,8.1984,32.21,32.81,5.713,660,900
5471,2019_04_12 18:54:43,-0.3923,0,7.4138,32.19,32.67,5.957,660,900
5472,2019_04_12 18:54:44,3.1381,-0.9807,8.1984,32.21,32.75,5.273,690,960
5473,2019_04_12 18:54:45,0.4315,0.3923,7.7276,32.21,32.77,5.566,690,900
5474,2019_04_12 18:54:46,-0.0392,-0.8238,7.6884,32.23,32.81,5.176,660,900
5475,2019_04_12 18:54:47,2.942,-3.1381,7.8845,32.19,32.63,5.664,660,900
5476,2019_04_12 18:54:48,3.3343,4.2365,8.7083,32.21,32.75,5.664,720,960
5477,2019_04_12 18:54:49,1.1768,2.432,8.7475,32.21,32.69,5.42,660,900
5478,2019_04_12 18:54:50,1.726,-3.1774,7.8845,32.23,32.85,5.273,660,900
5479,2019_04_12 18:54:51,1.8829,-0.9022,7.963,32.21,32.85,5.566,660,900
5480,2019_04_12 18:54:52,1.1768,2.432,8.2376,32.21,32.69,5.322,720,900
5481,2019_04_12 18:54:53,1.3337,-1.1768,7.5707,32.21,32.75,5.762,660,900
5482,2019_04_12 18:54:54,0.2746,-1.7652,8.1199,32.21,32.75,5.078,660,900
5483,2019_04_12 18:54:55,1.0983,-1.6083,7.8845,32.19,32.71,5.566,660,900
5484,2019_04_12 18:54:56,0.5884,2.0398,7.6884,32.19,32.81,5.078,660,900
5485,2019_04_12 18:54:57,0.7061,-2.0398,7.963,32.21,32.83,5.127,660,900
5486,2019_04_12 18:54:58,0.9414,-3.2558,7.6492,32.23,32.85,5.225,660,900
5487,2019_04_12 18:54:59,1.2945,0.7453,7.2177,32.21,32.89,5.127,660,900
5488,2019_04_12 18:55:00,1.3729,-3.3343,8.1591,32.19,32.85,5.762,690,900
5489,2019_04_12 18:55:01,0.6669,-1.1376,7.9238,32.19,32.71,4.98,690,900
5490,2019_04_12 18:55:02,0.6669,-1.4514,7.2961,32.23,32.83,5.371,660,900
5491,2019_04_12 18:55:03,0.6276,-0.0392,7.9238,32.21,32.85,5.615,660,900
5492,2019_04_12 18:55:04,0.2354,-0.3923,7.1392,32.19,32.85,4.883,660,900
5493,2019_04_12 18:55:05,0.9807,-3.3735,8.1199,32.21,32.85,5.127,660,900
5494,2019_04_12 18:55:06,1.0983,-1.2945,7.4531,32.21,32.83,5.322,660,900
5495,2019_04_12 18:55:07,0.863,-2.6282,7.5315,32.25,32.89,5.322,660,900
5496,2019_04_12 18:55:08,0.5099,-0.0392,7.6492,32.21,32.83,5.225,660,900
5497,2019_04_12 18:55:09,1.0199,-2.079,7.61,32.21,32.85,5.176,660,900
5498,2019_04_12 18:55:10,0.0392,-1.8829,7.61,32.17,32.77,5.859,660,900
5499,2019_04_12 18:55:11,1.0591,-0.8238,7.8453,32.21,32.83,5.225,660,900
5500,2019_04_12 18:55:12,1.4514,-0.9807,7.6492,32.19,32.85,5.225,660,900
5501,2019_04_12 18:55:13,2.079,-0.353,8.2376,32.21,32.85,5.713,660,840
5502,2019_04_12 18:55:14,1.9613,-3.6481,7.8453,32.25,32.83,5.225,660,900
5503,2019_04_12 18:55:15,1.4514,-3.0989,7.6492,32.21,32.83,5.811,660,900
5504,2019_04_12 18:55:16,1.3337,-0.6276,7.8845,32.21,32.75,5.225,660,900
5505,2019_04_12 18:55:17,-0.1569,0.3138,7.5707,32.21,32.89,5.469,660,900
5506,2019_04_12 18:55:18,1.2945,-0.5884,7.4531,32.19,32.85,5.371,660,900
5507,2019_04_12 18:55:19,1.2945,0.5492,7.8845,32.21,32.85,5.127,690,900
5508,2019_04_12 18:55:20,-0.7453,0.9022,7.8061,32.19,32.91,5.225,690,900
5509,2019_04_12 18:55:21,0.7061,-1.2945,7.5707,32.21,32.91,5.469,660,900
5510,2019_04_12 18:55:22,2.2751,-1.0983,8.1984,32.21,32.89,5.322,660,900
5511,2019_04_12 18:55:23,1.0199,0.5492,8.0022,32.21,32.91,5.811,660,900
5512,2019_04_12 18:55:24,0.9807,-1.2553,7.0608,32.23,32.95,5.029,660,900
5513,2019_04_12 18:55:25,0.8238,-1.3729,7.7276,32.23,32.91,4.98,660,900
5514,2019_04_12 18:55:26,0.6276,-1.2553,7.4923,32.21,32.81,5.811,660,900
5515,2019_04_12 18:55:27,1.216,-0.3138,8.1199,32.21,32.95,5.225,660,900
5516,2019_04_12 18:55:28,0.863,-1.8829,7.5315,32.23,32.89,5.273,660,840
5517,2019_04_12 18:55:29,0.2746,-1.726,7.4923,32.19,32.83,5.469,660,900
5518,2019_04_12 18:55:30,1.4514,-2.2751,7.5315,32.23,32.83,5.371,660,900
5519,2019_04_12 18:55:31,-0.0785,-3.295,7.7669,32.23,32.91,5.859,660,900
5520,2019_04_12 18:55:32,1.4122,-1.8437,7.9238,32.25,32.85,5.615,660,900
5521,2019_04_12 18:55:33,1.0199,-3.5696,7.2961,32.19,32.89,5.273,690,900
5522,2019_04_12 18:55:34,1.8044,-2.2751,7.963,32.21,32.85,5.371,690,900
5523,2019_04_12 18:55:35,1.3729,0.2746,8.0807,32.21,32.89,5.371,660,900
5524,2019_04_12 18:55:36,1.1376,-3.6481,8.1591,32.23,32.95,5.42,660,900
5525,2019_04_12 18:55:37,0.8238,-0.0392,8.7475,32.21,32.91,5.762,660,900
5526,2019_04_12 18:55:38,0.3138,-1.4122,7.7276,32.21,32.95,5.127,660,900
5527,2019_04_12 18:55:39,0,-1.3337,8.0415,32.23,32.91,4.932,660,900
5528,2019_04_12 18:55:40,1.6083,0.353,7.8453,32.25,32.85,5.811,660,900
5529,2019_04_12 18:55:41,-0.2354,-2.1182,8.1199,32.19,32.89,5.469,660,900
5530,2019_04_12 18:55:42,1.9221,1.7652,7.8845,32.21,32.95,5.713,660,900
5531,2019_04_12 18:55:43,1.726,-1.3337,7.6884,32.21,32.91,5.469,690,900
5532,2019_04_12 18:55:44,1.9613,-0.9022,7.8845,32.23,32.89,5.615,690,900
5533,2019_04_12 18:55:45,1.5691,-3.6481,8.4337,32.25,32.85,5.664,660,900
5534,2019_04_12 18:55:46,1.8437,-3.0597,7.9238,32.25,32.95,5.957,660,900
5535,2019_04_12 18:55:47,1.8437,0.7845,8.4337,32.25,32.91,5.176,660,900
5536,2019_04_12 18:55:48,0.7845,0.0785,7.7669,32.21,32.89,5.225,660,900
5537,2019_04_12 18:55:49,0.8238,-3.3735,7.963,32.21,32.89,4.98,660,900
5538,2019_04_12 18:55:50,2.3144,-1.4906,8.0807,32.21,32.89,5.615,660,900
5539,2019_04_12 18:55:51,1.9221,-2.7459,8.2376,32.23,32.95,5.713,660,900
5540,2019_04_12 18:55:52,-0.6276,-0.3138,7.963,32.23,32.95,5.518,660,900
5541,2019_04_12 18:55:53,1.3337,-1.2945,7.9238,32.21,32.91,5.908,660,900
5542,2019_04_12 18:55:54,-0.0392,-0.6276,8.1984,32.21,32.95,5.371,660,900
5543,2019_04_12 18:55:55,1.6867,-0.5099,8.6299,32.21,32.95,5.518,660,900
5544,2019_04_12 18:55:56,0.9414,0.5492,8.5514,32.25,32.97,5.225,660,900
5545,2019_04_12 18:55:57,1.5691,-4.6287,7.5707,32.23,32.85,5.371,660,900
5546,2019_04_12 18:55:58,1.0591,-1.8044,8.0022,32.23,32.95,4.932,720,870
5547,2019_04_12 18:55:59,0.0392,-0.4315,7.3354,32.19,32.95,5.127,660,870
5548,2019_04_12 18:56:00,1.1768,-2.4713,7.8453,32.21,32.97,5.664,660,900
5549,2019_04_12 18:56:01,0.6276,-2.7066,6.7862,32.23,32.99,5.811,660,900
5550,2019_04_12 18:56:02,1.726,-2.2751,7.9238,32.23,32.85,5.029,660,900
5551,2019_04_12 18:56:03,2.1182,0.353,8.4729,32.23,32.95,5.762,660,900
5552,2019_04_12 18:56:04,1.0983,3.4127,8.3553,32.23,32.97,5.42,660,900
5553,2019_04_12 18:56:05,1.4122,-2.7851,7.6884,32.21,32.95,5.225,660,900
5554,2019_04_12 18:56:06,0.8238,-4.0403,7.5315,32.23,32.99,5.176,660,900
5555,2019_04_12 18:56:07,1.216,1.7652,8.5122,32.21,32.91,5.127,660,900
5556,2019_04_12 18:56:08,1.5298,0.6669,7.8453,32.23,32.97,5.811,660,900
5557,2019_04_12 18:56:09,1.0591,-2.0398,8.0807,32.21,32.97,5.518,660,900
5558,2019_04_12 18:56:10,0.4315,4.2365,8.4729,32.25,33.03,5.762,660,840
5559,2019_04_12 18:56:11,0.4315,-0.4707,7.8061,32.21,32.95,5.518,660,900
5560,2019_04_12 18:56:12,1.1376,-1.5691,7.6492,32.21,32.99,5.859,660,900
5561,2019_04_12 18:56:13,0.7845,-0.6276,7.6492,32.21,32.95,5.859,660,900
5562,2019_04_12 18:56:14,0.6669,2.0398,8.0415,32.21,32.95,5.908,660,900
5563,2019_04_12 18:56:15,1.216,-2.1967,8.0415,32.23,33.03,5.566,660,900
5564,2019_04_12 18:56:16,1.4122,-2.2751,7.7669,32.21,33.05,5.176,660,900
5565,2019_04_12 18:56:17,1.2945,-0.5884,7.7669,32.23,32.97,5.078,660,900
5566,2019_04_12 18:56:18,1.0591,-1.1768,7.8453,32.21,32.95,5.127,660,900
5567,2019_04_12 18:56:19,1.0199,-0.6276,7.8453,32.23,32.99,5.566,660,900
5568,2019_04_12 18:56:20,1.6475,-1.8829,7.4923,32.23,32.95,5.176,690,900
5569,2019_04_12 18:56:21,0.5492,0.1177,8.0415,32.21,32.95,5.078,660,840
5570,2019_04_12 18:56:22,1.2553,-1.3729,7.8845,32.21,32.95,5.322,690,900
5571,2019_04_12 18:56:23,0.353,-4.4326,7.2177,32.23,32.99,5.029,660,900
6031,2019_04_12 19:59:29,0.863,-1.0199,7.2569,31.95,31.69,6.348,660,900
6032,2019_04_12 19:59:30,1.4514,0.1177,8.0807,31.97,31.69,5.957,720,960
6033,2019_04_12 19:59:30,0.9022,-2.2751,7.2961,31.93,31.61,6.201,660,930
6037,2019_04_12 19:59:33,2.589,-0.9022,7.7669,31.95,31.71,6.348,660,900
6038,2019_04_12 19:59:33,0.9022,0.7453,8.0415,31.93,31.67,5.957,720,960
6039,2019_04_12 19:59:34,0.3923,-0.4707,7.3746,31.95,31.69,6.201,660,930
6040,2019_04_12 19:59:34,2.2751,-3.0204,7.8061,31.95,31.77,6.494,690,930
6041,2019_04_12 19:59:35,0.5492,-1.5691,7.6492,31.95,31.75,6.494,720,960
6042,2019_04_12 19:59:35,1.9613,-6.1193,7.7669,31.95,31.67,5.908,720,900
6043,2019_04_12 19:59:36,0.6669,-1.8437,7.7276,31.93,31.69,5.762,660,960
6044,2019_04_12 19:59:37,2.589,-2.1182,7.7276,31.95,31.71,5.859,720,960
6045,2019_04_12 19:59:37,0.9414,0.9807,8.5122,31.95,31.81,5.762,720,900
6046,2019_04_12 19:59:38,0.2746,-2.8243,7.2961,31.93,31.67,6.396,660,960
6047,2019_04_12 19:59:38,1.1376,-2.3536,7.4531,31.95,31.77,5.811,720,960
6048,2019_04_12 19:59:39,1.3337,-4.2757,7.7276,31.93,31.69,6.592,720,900
6049,2019_04_12 19:59:39,1.8829,-2.2359,8.2376,31.95,31.71,5.371,660,960
6050,2019_04_12 19:59:40,1.2553,0.6669,7.5707,31.95,31.69,6.152,720,960
6051,2019_04_12 19:59:41,1.3337,-0.3923,7.9238,31.93,31.77,6.055,660,900
6052,2019_04_12 19:59:42,0.9807,0.7845,8.0022,31.93,31.75,5.664,720,960
6053,2019_04_12 19:59:43,0.9022,-0.2354,7.8453,31.93,31.81,5.908,720,900
6054,2019_04_12 19:59:44,1.0199,3.4912,8.5906,31.93,31.77,5.615,660,960
6055,2019_04_12 19:59:45,-0.2354,0.5884,8.1199,31.99,31.77,5.713,720,960
6056,2019_04_12 19:59:46,0.7061,-1.4514,8.4729,31.95,31.83,5.957,720,900
6057,2019_04_12 19:59:47,0.1177,-1.9221,7.6492,31.97,31.83,6.055,660,960
6058,2019_04_12 19:59:48,1.2945,-1.6083,8.2376,31.93,31.75,6.299,720,900
6059,2019_04_12 19:59:49,0.4315,-2.4713,8.1591,31.93,31.69,5.615,660,960
6060,2019_04_12 19:59:50,0.4707,-3.0204,7.7669,31.93,31.81,6.201,720,960
6061,2019_04_12 19:59:51,0.6669,-1.216,7.7669,31.91,31.85,6.055,720,900
6062,2019_04_12 19:59:52,1.4514,-1.3729,8.316,31.95,31.77,5.566,660,960
6063,2019_04_12 19:59:53,0.9414,-2.7459,7.7669,31.93,31.85,5.762,720,900
6064,2019_04_12 19:59:54,1.0591,2.3536,8.0807,31.97,31.83,6.201,690,960
6065,2019_04_12 19:59:55,1.3337,-2.6674,7.8845,31.91,31.81,5.469,690,960
6066,2019_04_12 19:59:56,0.5099,-2.3536,7.7669,31.95,31.89,6.055,720,900
6067,2019_04_12 19:59:57,0.353,-5.884,7.1392,31.93,31.77,5.469,660,960
6068,2019_04_12 19:59:58,0.7845,-0.8238,7.8061,31.95,31.95,5.664,720,960
6069,2019_04_12 19:59:59,2.2359,1.1376,8.0415,31.95,31.95,5.908,720,900
6070,2019_04_12 20:00:00,1.6083,0.1569,8.1591,31.95,31.95,5.518,660,960
6071,2019_04_12 20:00:01,1.1376,-0.9022,7.6884,31.99,31.91,5.811,720,900
6072,2019_04_12 20:00:02,1.4514,-3.805,7.5315,31.97,31.85,5.908,690,960
6073,2019_04_12 20:00:03,1.5691,-1.4514,7.8061,31.95,31.95,5.42,690,960
6074,2019_04_12 20:00:04,0.3923,-3.5696,8.0022,31.95,31.85,5.42,720,900
6075,2019_04_12 20:00:05,1.4122,-1.9221,7.9238,31.91,31.91,5.713,660,960
6076,2019_04_12 20:00:06,1.6867,-2.1182,7.5315,31.93,31.91,5.811,720,900
6077,2019_04_12 20:00:07,2.2751,-0.4315,7.8845,31.93,31.91,6.152,720,960
6078,2019_04_12 20:00:08,1.0591,-0.9414,7.8061,31.95,31.95,5.225,660,960
6079,2019_04_12 20:00:09,1.8044,-4.5503,7.8453,31.95,31.95,5.42,720,900
6080,2019_04_12 20:00:10,0.3138,-3.0204,8.5122,31.93,31.91,5.469,690,960
6081,2019_04_12 20:00:11,1.8044,-0.9022,7.4138,31.93,31.91,5.859,690,900
6082,2019_04_12 20:00:12,0.4707,-2.432,7.9238,31.93,31.95,6.152,720,960
6083,2019_04_12 20:00:13,1.4514,-3.3343,7.8061,31.93,31.91,6.152,660,960
6084,2019_04_12 20:00:14,1.726,-2.6282,8.8652,31.91,31.95,6.104,720,900
6085,2019_04_12 20:00:15,1.216,-2.8635,7.6884,31.95,31.95,6.055,690,960
6086,2019_04_12 20:00:16,0.7845,0.0785,7.6492,31.95,31.95,6.006,690,900
6087,2019_04_12 20:00:17,0.3923,0.9807,7.8845,31.93,31.95,5.908,720,960
6088,2019_04_12 20:00:18,1.8437,1.1376,7.7669,31.93,31.91,6.201,660,930
6089,2019_04_12 20:00:19,1.4122,0.0785,7.8845,31.99,32.03,5.713,720,930
6090,2019_04_12 20:00:20,1.4122,-0.8238,7.963,31.97,31.99,5.322,690,960
6091,2019_04_12 20:00:21,1.9221,0.7845,7.7669,31.95,31.97,5.615,690,900
6092,2019_04_12 20:00:22,2.0006,0.4707,8.2768,31.97,31.99,5.811,720,960
6093,2019_04_12 20:00:23,0.3923,1.216,8.1199,31.99,32.05,5.615,660,900
6094,2019_04_12 20:00:24,1.2553,-1.1376,7.3746,31.97,31.99,6.055,720,960
6095,2019_04_12 20:00:25,0.9807,3.805,8.0415,31.95,32.03,5.811,690,900
6096,2019_04_12 20:00:26,2.4713,-5.7663,7.6492,31.95,31.97,5.566,690,960
6097,2019_04_12 20:00:27,0.0392,-3.0989,7.6884,31.97,31.99,5.811,720,960
6098,2019_04_12 20:00:28,1.1768,-3.4127,7.5707,31.97,32.03,5.273,660,900
6099,2019_04_12 20:00:29,0.7061,-1.1376,7.8845,31.95,32.11,5.371,720,960
6100,2019_04_12 20:00:30,0.5492,-3.0204,7.5707,31.93,31.97,5.322,690,900
6101,2019_04_12 20:00:31,0.353,-0.7061,8.2768,31.95,32.05,5.322,690,960
6102,2019_04_12 20:00:32,1.6475,0.4315,8.2768,31.97,32.03,5.811,720,900
6103,2019_04_12 20:00:33,1.6083,0.9022,8.2376,31.95,32.03,5.42,660,960
6104,2019_04_12 20:00:34,0.9022,-2.079,7.8453,31.99,32.11,5.713,720,960
6105,2019_04_12 20:00:35,1.6867,-1.1768,7.6492,31.95,32.05,5.615,660,900
6106,2019_04_12 20:00:36,0.7061,0.6669,8.4337,31.95,32.11,5.518,720,960
6107,2019_04_12 20:00:37,0.2354,-0.6669,8.0022,31.97,32.11,5.225,720,900
6108,2019_04_12 20:00:38,0.4315,1.5691,7.8845,31.97,32.05,5.42,660,960
6109,2019_04_12 20:00:39,2.1182,-1.5298,7.7276,31.99,32.11,5.518,720,900
6110,2019_04_12 20:00:40,0.5492,-1.8437,7.61,31.95,32.05,6.104,660,960
6111,2019_04_12 20:00:41,1.0591,-1.9221,7.2569,31.99,32.09,5.371,720,900
6112,2019_04_12 20:00:42,2.079,0.353,7.9238,31.95,32.05,6.055,660,960
6113,2019_04_12 20:00:43,-0.5884,-0.353,8.2376,31.97,32.13,5.273,720,900
6114,2019_04_12 20:00:44,0.9022,-2.2359,8.1984,31.97,32.09,5.42,690,960
6115,2019_04_12 20:00:45,1.2945,-2.7851,7.1392,31.95,32.09,5.469,690,900
6116,2019_04_12 20:00:46,0.9414,3.7658,7.963,31.97,32.09,5.762,720,960
6117,2019_04_12 20:00:47,1.9221,-0.7453,7.963,31.97,32.11,5.908,660,900
6118,2019_04_12 20:00:48,1.5298,3.7658,9.2183,31.95,32.11,5.371,720,960
6119,2019_04_12 20:00:49,1.7652,-3.1381,7.2177,31.97,32.25,5.273,660,900
6120,2019_04_12 20:00:50,1.4514,-3.7265,7.7669,31.97,32.25,5.518,720,960
6121,2019_04_12 20:00:51,0.353,-2.0006,7.5315,31.99,32.17,5.225,660,900
6122,2019_04_12 20:00:52,1.2945,-4.8641,7.963,31.97,32.13,5.664,720,960
6123,2019_04_12 20:00:53,1.6083,-3.1381,7.6884,31.99,32.11,5.859,660,900
6124,2019_04_12 20:00:54,2.079,-3.0204,7.2961,31.97,32.13,5.518,720,960
6125,2019_04_12 20:00:55,2.432,-5.2564,7.4531,31.97,32.13,5.42,690,900
6126,2019_04_12 20:00:56,1.4514,-0.2354,8.316,31.97,32.19,5.42,690,960
6127,2019_04_12 20:00:57,0.9807,-1.7652,7.61,31.97,32.19,5.615,720,900
6128,2019_04_12 20:00:58,1.2553,-0.3138,8.1199,31.97,32.21,5.566,660,960
6129,2019_04_12 20:00:59,1.4906,-0.9807,8.0807,31.97,32.25,5.908,720,900
6130,2019_04_12 20:01:00,1.6475,1.0983,8.4337,31.99,32.25,5.811,660,960
6131,2019_04_12 20:01:01,-0.1961,-2.7459,7.4531,31.97,32.25,5.469,720,900
6132,2019_04_12 20:01:02,0.7061,-0.5884,7.5707,31.97,32.25,5.518,660,960
6133,2019_04_12 20:01:03,2.0398,2.5105,9.1006,31.97,32.13,5.127,720,900
6134,2019_04_12 20:01:04,1.0591,-4.2757,7.5315,31.97,32.21,5.322,660,960
6135,2019_04_12 20:01:05,1.8044,-5.0995,7.8453,32.01,32.25,5.615,720,900
6136,2019_04_12 20:01:06,0.6669,-3.6088,7.1785,32.01,32.17,5.908,660,960
6137,2019_04_12 20:01:07,0.9807,3.0597,9.0221,31.97,32.25,5.811,720,900
6138,2019_04_12 20:01:08,1.6475,-3.1774,7.7669,31.97,32.25,5.811,720,960
6139,2019_04_12 20:01:09,1.8829,-1.3337,8.2376,31.95,32.21,5.371,660,900
6140,2019_04_12 20:01:11,0.7453,0.5884,7.4923,31.97,32.27,5.176,720,960
6141,2019_04_12 20:01:11,2.0398,-3.1381,7.8453,31.99,32.27,5.127,660,900
6142,2019_04_12 20:01:12,1.0199,-2.5497,7.2177,31.97,32.25,5.078,720,960
6143,2019_04_12 20:01:13,1.6867,1.3337,8.5906,32.01,32.27,5.469,660,900
6144,2019_04_12 20:01:15,-0.4707,-1.2945,7.7276,31.99,32.25,5.469,720,960
6145,2019_04_12 20:01:15,0.9807,2.1182,9.5713,31.99,32.25,5.322,660,960
6146,2019_04_12 20:01:17,0.9414,-3.5696,7.1,31.99,32.27,5.322,720,900
6147,2019_04_12 20:01:17,0.2354,-3.6873,7.61,31.99,32.31,5.225,690,960
6148,2019_04_12 20:01:19,2.079,-4.0403,7.4923,32.01,32.33,5.42,690,900
6149,2019_04_12 20:01:19,2.1967,2.6282,9.0221,31.97,32.25,5.176,720,960
6150,2019_04_12 20:01:21,1.6475,-1.8829,7.7669,32.01,32.33,5.273,660,900
6151,2019_04_12 20:01:21,0.8238,-0.1177,7.2569,32.01,32.31,5.762,720,960
6152,2019_04_12 20:01:23,0.6669,-0.8238,7.5315,31.99,32.31,5.908,660,900
6153,2019_04_12 20:01:23,0.9807,-2.2751,7.4923,31.99,32.27,5.078,720,960
6154,2019_04_12 20:01:25,1.8044,0.9807,8.2768,31.99,32.31,5.42,660,900
6155,2019_04_12 20:01:25,0.6669,0.0785,8.0807,31.99,32.33,5.42,720,960
6156,2019_04_12 20:01:27,0.9414,0.0392,7.4531,32.01,32.31,5.273,690,900
6157,2019_04_12 20:01:27,1.8044,1.8829,7.963,32.01,32.31,5.127,690,960
6158,2019_04_12 20:01:29,0.9807,-0.0392,7.6492,32.01,32.39,5.371,720,900
6159,2019_04_12 20:01:29,0.2354,2.3536,8.1591,32.03,32.41,5.371,660,960
6160,2019_04_12 20:01:31,1.2553,-4.5503,7.7276,31.99,32.35,5.078,720,900
6161,2019_04_12 20:01:31,0,-3.5304,6.9039,31.99,32.31,5.176,660,960
6162,2019_04_12 20:01:33,1.0199,-2.6282,7.1,32.01,32.25,5.127,720,900
6163,2019_04_12 20:01:33,1.0199,-3.3735,7.8453,32.01,32.33,5.566,660,960
6164,2019_04_12 20:01:35,2.589,-1.0199,8.1199,32.01,32.27,5.566,720,900
6165,2019_04_12 20:01:35,-0.7061,-0.3138,7.5315,32.01,32.27,5.566,660,960
6166,2019_04_12 20:01:37,0.7061,-0.9022,7.5315,32.01,32.31,5.762,720,900
6167,2019_04_12 20:01:38,0.1961,-3.7658,7.3354,32.01,32.39,5.615,690,960
6168,2019_04_12 20:01:39,1.2553,-1.0983,6.9823,32.01,32.31,5.127,690,900
6169,2019_04_12 20:01:40,0.6276,0.5492,8.3945,32.01,32.31,5.713,720,960
6170,2019_04_12 20:01:41,-0.353,0,7.5707,32.03,32.27,5.273,660,900
6171,2019_04_12 20:01:42,1.0591,-1.5691,8.1984,31.99,32.31,5.566,720,960
6172,2019_04_12 20:01:43,0.6276,-1.2945,7.4138,32.01,32.39,5.762,660,900
6173,2019_04_12 20:01:44,0.863,-2.6674,8.316,32.01,32.35,5.664,720,960
6174,2019_04_12 20:01:45,0.5492,1.2553,8.7475,32.01,32.31,5.176,660,900
6175,2019_04_12 20:01:46,-0.2354,1.1768,7.61,32.01,32.33,5.127,720,960
6176,2019_04_12 20:01:47,1.6083,1.8829,8.5906,32.01,32.39,5.176,660,900
6177,2019_04_12 20:01:48,0.7845,-0.4707,7.2961,32.01,32.33,5.322,720,960
6178,2019_04_12 20:01:49,1.3337,-1.2945,7.9238,31.99,32.31,5.469,660,900
6179,2019_04_12 20:01:50,0.1569,-2.7066,7.1392,32.01,32.35,5.225,720,960
6180,2019_04_12 20:01:51,0.863,-2.6674,7.1392,31.99,32.35,5.664,690,900
6181,2019_04_12 20:01:52,1.5691,0.9807,8.3553,31.99,32.41,5.469,690,960
6182,2019_04_12 20:01:53,1.216,-2.2359,8.0415,32.01,32.41,5.078,720,900
6183,2019_04_12 20:01:54,0.9414,-0.863,8.2768,32.03,32.41,5.127,660,960
6184,2019_04_12 20:01:55,0.7453,-0.7061,7.3746,32.03,32.45,5.42,720,900
6185,2019_04_12 20:01:56,1.5691,0.7061,7.8453,32.03,32.35,5.469,660,960
6186,2019_04_12 20:01:57,1.9221,0.5884,8.0807,31.99,32.39,5.225,720,900
6187,2019_04_12 20:01:58,0.4315,1.0591,7.2569,32.03,32.45,5.811,660,960
6188,2019_04_12 20:01:59,0.7453,-0.1569,7.5315,32.03,32.39,5.176,720,900
6189,2019_04_12 20:02:00,0.353,-2.1575,7.963,32.01,32.39,5.225,690,960
6190,2019_04_12 20:02:01,0.1961,-4.5895,7.2569,32.03,32.55,5.664,690,900
6191,2019_04_12 20:02:02,1.6475,-0.9807,7.1392,32.01,32.53,5.859,720,960
6192,2019_04_12 20:02:03,0.7061,-3.6873,7.4923,32.03,32.53,5.225,660,900
6193,2019_04_12 20:02:04,0.4315,0.353,8.0807,32.03,32.49,5.273,720,960
6194,2019_04_12 20:02:05,0.0785,-2.6282,7.5707,32.01,32.39,5.615,660,900
6195,2019_04_12 20:02:06,0.7453,-1.8829,7.7276,31.99,32.39,5.029,720,960
6196,2019_04_12 20:02:07,1.4514,-2.2751,7.8453,32.01,32.41,5.713,660,900
6197,2019_04_12 20:02:08,0.4315,-0.7061,8.0415,32.03,32.53,5.322,720,960
6198,2019_04_12 20:02:09,0.1961,-1.726,8.1591,32.01,32.49,5.762,690,900
6199,2019_04_12 20:02:10,0.5099,-2.1182,7.6492,32.03,32.55,5.176,690,960
6200,2019_04_12 20:02:11,0.9022,-2.1575,7.2961,32.03,32.53,5.029,720,900
6201,2019_04_12 20:02:12,0.2746,-3.9227,7.3746,32.03,32.45,5.566,660,960
6202,2019_04_12 20:02:13,0.8238,0.5099,7.6884,32.05,32.47,5.42,720,900
6203,2019_04_12 20:02:14,0.6669,2.2359,8.5906,32.03,32.45,5.029,660,960
6204,2019_04_12 20:02:15,1.2553,-1.6867,8.2768,32.01,32.41,5.225,720,900
6205,2019_04_12 20:02:16,-0.0392,-1.8044,7.8453,32.01,32.39,5.029,660,960
6206,2019_04_12 20:02:17,1.8829,-0.0785,8.0022,32.03,32.59,5.664,720,960
6207,2019_04_12 20:02:18,0.2354,-4.0011,7.2569,32.01,32.55,5.42,720,900
6208,2019_04_12 20:02:19,1.8044,-1.726,7.4923,32.01,32.55,5.42,660,960
6209,2019_04_12 20:02:20,1.8437,-1.726,8.0022,32.03,32.49,4.883,720,900
6210,2019_04_12 20:02:21,2.1967,1.9613,7.7669,32.05,32.55,5.615,660,960
6211,2019_04_12 20:02:22,1.7652,1.0983,8.2376,32.05,32.59,5.762,720,900
6212,2019_04_12 20:02:23,1.8437,-2.5497,8.1591,32.03,32.49,5.322,660,960
6213,2019_04_12 20:02:24,-0.5099,1.1376,8.5122,32.09,32.53,5.078,720,900
6214,2019_04_12 20:02:25,2.0398,-0.2746,8.6299,32.05,32.49,5.664,690,960
6215,2019_04_12 20:02:26,1.8044,3.7658,8.3553,32.05,32.63,5.811,690,900
6216,2019_04_12 20:02:27,0.9807,3.6873,8.4729,32.05,32.49,5.273,720,960
6217,2019_04_12 20:02:28,2.0006,-3.0989,8.0415,32.01,32.47,5.176,660,900
6218,2019_04_12 20:02:29,1.8437,0.8238,7.963,32.05,32.45,4.98,720,960
6219,2019_04_12 20:02:30,1.3729,-1.0199,8.0022,32.03,32.47,5.225,660,900
6220,2019_04_12 20:02:31,1.3729,-0.1961,8.2376,32.03,32.55,5.176,720,960
6221,2019_04_12 20:02:32,1.4514,-1.4906,7.7669,32.05,32.47,5.664,660,900
6222,2019_04_12 20:02:33,2.1967,-0.9414,8.6299,32.03,32.59,5.762,720,960
6223,2019_04_12 20:02:34,2.589,-1.4514,7.963,32.05,32.45,5.176,660,900
6224,2019_04_12 20:02:35,0.8238,-0.7845,7.7276,32.03,32.47,5.566,720,960
6225,2019_04_12 20:02:36,1.9613,-2.4713,7.8453,32.05,32.55,4.98,660,900
6226,2019_04_12 20:02:37,2.0398,0.7453,8.4729,32.03,32.55,5.713,720,960
6227,2019_04_12 20:02:38,1.216,0.1961,7.9238,32.03,32.61,5.713,690,900
6228,2019_04_12 20:02:39,0.6669,0.1569,7.7669,32.09,32.53,5.322,690,960
6229,2019_04_12 20:02:40,1.0199,-0.1177,8.0415,32.05,32.59,5.371,690,900
6230,2019_04_12 20:02:41,0.863,-2.6674,7.7276,32.03,32.55,5.225,690,960
6231,2019_04_12 20:02:42,2.1575,-1.6867,8.3945,32.09,32.53,5.762,720,900
6232,2019_04_12 20:02:43,1.0199,-0.2354,8.2768,32.03,32.55,5.127,660,960
6233,2019_04_12 20:02:44,1.4122,-2.7066,7.61,32.05,32.59,5.176,720,900
6234,2019_04_12 20:02:45,0.9807,-1.4906,7.7276,32.05,32.49,5.566,660,930
6235,2019_04_12 20:02:46,0.2746,-0.5099,7.8845,32.05,32.53,5.762,720,930
6236,2019_04_12 20:02:47,0.863,0.4315,8.0415,32.09,32.55,5.225,660,900
6237,2019_04_12 20:02:48,0,-2.6674,7.2961,32.09,32.61,5.176,720,960
6238,2019_04_12 20:02:49,1.2945,-2.7459,7.8061,32.09,32.67,4.883,660,900
6239,2019_04_12 20:02:50,1.5298,-2.1575,7.8453,32.05,32.53,5.762,720,960
6240,2019_04_12 20:02:51,0.5099,-0.353,7.8845,32.05,32.61,5.029,660,900
6241,2019_04_12 20:02:52,1.2945,-3.1774,7.5315,32.09,32.63,5.273,720,960
6242,2019_04_12 20:02:53,1.4122,-3.3343,7.61,32.05,32.55,5.42,660,900
6243,2019_04_12 20:02:54,0.9807,-0.5884,8.0415,32.03,32.59,5.371,720,960
6244,2019_04_12 20:02:55,1.5691,-4.1188,7.4923,32.05,32.55,5.273,660,900
6245,2019_04_12 20:02:56,-0.0392,-1.4514,7.3354,32.05,32.61,5.322,720,960
6246,2019_04_12 20:02:57,1.9221,-2.3536,7.6884,32.05,32.69,5.42,660,900
6247,2019_04_12 20:02:58,0.9022,2.2359,7.8061,32.05,32.55,4.883,720,900
6248,2019_04_12 20:02:59,0.9414,0.8238,7.6492,32.09,32.67,5.322,660,960
6249,2019_04_12 20:03:00,1.6475,0.7453,8.3945,32.09,32.69,5.029,720,900
6250,2019_04_12 20:03:01,1.9221,-2.432,7.8061,32.11,32.63,5.029,660,960
6251,2019_04_12 20:03:02,0.9414,-1.2553,8.9437,32.09,32.69,5.127,720,900
6252,2019_04_12 20:03:03,1.0983,-3.0204,8.5122,32.09,32.55,5.664,660,960
6253,2019_04_12 20:03:04,1.4514,0.4707,8.2768,32.11,32.69,4.932,720,900
6254,2019_04_12 20:03:05,2.5105,-2.0398,8.0807,32.13,32.67,5.811,660,960
6255,2019_04_12 20:03:06,1.6083,-0.7845,8.0022,32.09,32.75,5.469,720,900
6256,2019_04_12 20:03:07,1.8044,-3.8442,7.6492,32.09,32.67,5.078,660,960
6257,2019_04_12 20:03:08,1.8829,-3.6481,7.9238,32.11,32.71,5.078,720,900
6258,2019_04_12 20:03:09,1.726,0.1961,8.0415,32.11,32.71,5.176,660,900
6259,2019_04_12 20:03:10,0.863,0.2746,7.61,32.09,32.67,4.98,720,960
6260,2019_04_12 20:03:11,1.5691,-0.1569,7.8845,32.11,32.71,5.615,690,900
6261,2019_04_12 20:03:12,0.9807,-0.0785,7.4138,32.11,32.69,5.127,690,960
6262,2019_04_12 20:03:13,0.3138,2.2751,7.5315,32.09,32.63,5.273,690,900
6263,2019_04_12 20:03:14,0.9807,-3.9619,7.963,32.13,32.63,5.566,690,960
6264,2019_04_12 20:03:15,0.1177,-1.216,8.5906,32.09,32.75,5.078,690,900
6265,2019_04_12 20:03:16,0.9414,-1.9221,8.4729,32.09,32.67,5.713,690,960
6266,2019_04_12 20:03:17,-0.0392,-2.7459,7.0216,32.11,32.75,4.883,690,900
6267,2019_04_12 20:03:18,0.2746,0.9022,7.7669,32.11,32.59,5.225,690,930
6268,2019_04_12 20:03:19,0.7845,-2.6674,7.4531,32.11,32.63,5.078,690,930
6269,2019_04_12 20:03:20,-0.1177,3.8834,8.1591,32.09,32.55,5.42,690,900
6270,2019_04_12 20:03:21,1.216,-3.6481,7.7276,32.11,32.75,4.883,690,960
6271,2019_04_12 20:03:22,2.2359,-1.6475,8.1984,32.11,32.69,5.273,690,900
6272,2019_04_12 20:03:23,2.0398,-2.1967,7.8453,32.11,32.61,5.322,690,960
6273,2019_04_12 20:03:24,0.9414,0.0785,7.963,32.13,32.63,5.42,690,900
6274,2019_04_12 20:03:25,1.6083,0.2746,8.316,32.11,32.71,5.518,660,930
6275,2019_04_12 20:03:26,0,-0.7845,7.963,32.11,32.69,5.273,720,930
6276,2019_04_12 20:03:27,1.4906,-2.7851,7.2569,32.15,32.61,5.322,660,900
6277,2019_04_12 20:03:28,0.2746,-3.1774,7.8061,32.11,32.71,5.127,720,960
6278,2019_04_12 20:03:29,1.2945,0.0392,8.1591,32.13,32.63,5.615,660,900
6279,2019_04_12 20:03:30,1.4906,1.5298,9.2967,32.13,32.63,5.029,720,960
6280,2019_04_12 20:03:31,0.9022,-0.5492,7.6884,32.13,32.69,5.615,660,900
6281,2019_04_12 20:03:32,0.5099,1.2553,8.3945,32.11,32.63,5.029,720,900
6282,2019_04_12 20:03:33,0.9414,-3.295,7.5315,32.11,32.61,5.566,660,960
6283,2019_04_12 20:03:34,1.2945,-3.1774,7.7669,32.15,32.61,4.883,720,900
6284,2019_04_12 20:03:35,0.1569,-0.4707,7.963,32.13,32.71,5.176,660,900
6285,2019_04_12 20:03:36,1.4514,-2.2359,7.963,32.13,32.69,5.273,690,960
6286,2019_04_12 20:03:37,0.4315,-4.158,7.7276,32.13,32.69,5.42,690,900
6287,2019_04_12 20:03:38,0.7453,-3.805,7.5707,32.09,32.69,5.273,690,960
6288,2019_04_12 20:03:39,0.9414,-2.5105,7.1785,32.13,32.61,5.762,690,900
6289,2019_04_12 20:03:40,1.1768,-2.3144,7.3354,32.13,32.77,5.566,660,930
6290,2019_04_12 20:03:41,1.6083,3.4519,7.9238,32.11,32.81,5.176,720,930
6291,2019_04_12 20:03:42,0.7845,-2.7851,7.6492,32.15,32.81,4.834,660,900
6292,2019_04_12 20:03:43,1.0591,-3.0989,7.61,32.11,32.81,4.98,720,960
6293,2019_04_12 20:03:44,1.1768,1.3729,8.1199,32.13,32.77,5.127,660,900
6294,2019_04_12 20:03:45,0.2354,-0.5099,7.61,32.11,32.69,5.322,720,960
6295,2019_04_12 20:03:46,0.6669,-1.726,8.1591,32.13,32.71,5.664,660,900
6296,2019_04_12 20:03:47,1.216,-1.3337,7.8453,32.13,32.77,5.127,720,900
6297,2019_04_12 20:03:48,0.5492,-2.2359,7.1785,32.15,32.71,5.713,660,960
6298,2019_04_12 20:03:49,0.353,2.0398,8.5906,32.13,32.83,5.518,720,900
6299,2019_04_12 20:03:50,0.7453,-1.0199,7.2961,32.15,32.75,5.859,660,960
6300,2019_04_12 20:03:51,0.3138,-1.3729,7.7276,32.11,32.75,5.518,720,900
6301,2019_04_12 20:03:52,1.5691,-0.863,8.2376,32.13,32.75,5.322,660,900
6302,2019_04_12 20:03:53,2.0398,-1.4906,7.6492,32.15,32.83,5.469,720,960
6303,2019_04_12 20:03:54,1.8437,2.6674,8.5122,32.13,32.69,5.566,660,900
6304,2019_04_12 20:03:55,1.0591,-1.4906,7.4531,32.13,32.77,4.98,720,960
6305,2019_04_12 20:03:56,1.0983,-2.7851,7.6492,32.13,32.81,5.078,660,900
6306,2019_04_12 20:03:57,1.1768,0.1961,8.6691,32.15,32.77,4.932,690,900
6307,2019_04_12 20:03:58,0.3923,0.0392,7.8845,32.11,32.83,5.664,690,960
6308,2019_04_12 20:03:59,1.6475,0.6276,7.8061,32.13,32.77,5.029,660,900
6309,2019_04_12 20:04:00,0.1177,-0.9807,7.8061,32.17,32.83,5.078,720,900
6310,2019_04_12 20:04:01,1.0983,0.9414,8.316,32.13,32.81,5.664,660,960
6311,2019_04_12 20:04:02,2.6282,-2.7066,8.1984,32.17,32.81,5.615,720,900
6312,2019_04_12 20:04:03,-0.1177,0.5492,7.963,32.15,32.75,5.42,660,930
6313,2019_04_12 20:04:04,1.3729,-1.0591,7.2961,32.15,32.77,4.834,720,930
6314,2019_04_12 20:04:05,0.863,0.3923,8.4337,32.15,32.85,5.078,660,900
6315,2019_04_12 20:04:06,1.6475,-2.0006,7.963,32.13,32.81,5.371,660,960
6316,2019_04_12 20:04:07,0.5492,0.4315,8.6299,32.17,32.75,5.518,720,900
6317,2019_04_12 20:04:08,0.7061,1.8437,7.7669,32.17,32.85,4.883,660,900
6318,2019_04_12 20:04:09,0,-1.5298,7.5707,32.17,32.85,5.713,720,960
6319,2019_04_12 20:04:10,2.1967,-3.7658,7.3746,32.19,32.89,4.98,660,900
6320,2019_04_12 20:04:11,0.5492,0.1961,7.963,32.17,32.83,5.322,720,930
6321,2019_04_12 20:04:12,0.5492,-3.295,7.5315,32.19,32.81,4.932,660,930
6322,2019_04_12 20:04:13,0.9807,-4.0011,7.6492,32.17,32.77,5.029,720,900
6323,2019_04_12 20:04:14,1.3729,-0.3923,7.8061,32.19,32.85,5.371,660,960
6324,2019_04_12 20:04:15,1.4122,3.8442,8.0807,32.17,32.81,5.566,660,900
6325,2019_04_12 20:04:16,1.1376,-4.9033,7.2961,32.15,32.83,5.225,720,900
6326,2019_04_12 20:04:17,2.1575,-1.8829,8.0415,32.19,32.89,5.518,660,960
6327,2019_04_12 20:04:18,2.2359,-1.3337,7.7669,32.19,32.91,4.98,720,900
6328,2019_04_12 20:04:19,-0.0392,-0.3923,7.61,32.17,32.83,5.176,660,900
6329,2019_04_12 20:04:20,0.7845,-2.1575,7.0216,32.19,32.85,5.322,720,960
6330,2019_04_12 20:04:21,0.7453,-1.5691,8.2376,32.17,32.63,5.225,660,900
6331,2019_04_12 20:04:22,1.3337,1.3337,8.1591,32.17,32.69,5.713,690,900
6332,2019_04_12 20:04:23,1.8829,-4.1188,7.3746,32.15,32.63,5.469,690,960
6333,2019_04_12 20:04:24,1.2553,0.1177,7.8061,32.17,32.83,5.127,660,900
6334,2019_04_12 20:04:25,0,-0.7453,7.6884,32.17,32.75,4.98,720,900
6335,2019_04_12 20:04:26,0.2746,-1.9221,8.1984,32.19,32.81,5.273,660,960
6336,2019_04_12 20:04:27,0.353,-1.9613,7.7276,32.19,32.85,5.566,720,900
6337,2019_04_12 20:04:28,1.1768,-2.942,7.8453,32.15,32.77,4.932,660,960
6338,2019_04_12 20:04:29,-0.353,-2.2751,7.4923,32.19,32.83,5.566,720,900
6339,2019_04_12 20:04:30,1.8044,-2.6282,7.8061,32.17,32.81,4.834,660,900
6340,2019_04_12 20:04:31,1.3729,-1.5691,7.3354,32.17,32.77,5.762,690,960
6341,2019_04_12 20:04:32,1.1376,-1.0591,8.0415,32.13,32.69,5.078,690,900
6342,2019_04_12 20:04:33,0.3138,-2.3536,8.0415,32.19,32.77,5.127,660,900
6343,2019_04_12 20:04:34,-0.0785,0.5099,7.0608,32.17,32.77,5.029,720,960
6344,2019_04_12 20:04:35,1.216,0.5099,7.4138,32.15,32.75,5.322,660,900
6345,2019_04_12 20:04:36,1.0199,-0.6669,7.2177,32.17,32.77,5.322,720,900
6346,2019_04_12 20:04:37,1.3337,-0.7845,7.8453,32.17,32.75,5.176,660,960
6347,2019_04_12 20:04:38,1.9613,-0.1569,7.9238,32.15,32.75,4.883,660,900
6348,2019_04_12 20:04:39,0.863,-1.0983,7.1785,32.17,32.85,5.42,720,900
6349,2019_04_12 20:04:40,1.2945,-1.0199,8.3553,32.19,32.85,5.078,660,960
6350,2019_04_12 20:04:41,0.3138,-3.0204,7.8061,32.15,32.77,5.615,720,900
6351,2019_04_12 20:04:42,1.0591,0.3923,7.4923,32.17,32.89,4.883,660,900
6352,2019_04_12 20:04:43,1.0591,-1.4122,7.7276,32.19,32.97,5.225,660,900
6353,2019_04_12 20:04:44,-0.0392,-2.6282,7.7669,32.19,32.85,5.469,720,960
6354,2019_04_12 20:04:45,1.1376,-1.6083,6.747,32.17,32.83,5.664,660,900
6355,2019_04_12 20:04:46,1.726,-2.1182,7.6492,32.17,32.89,5.518,690,900
6356,2019_04_12 20:04:47,1.8829,-4.3934,8.0022,32.17,32.95,4.883,690,960
6357,2019_04_12 20:04:48,2.0006,0.1569,8.5514,32.19,32.91,5.078,660,900
6358,2019_04_12 20:04:49,-0.5099,-2.1575,7.3746,32.19,32.89,5.273,720,900
6359,2019_04_12 20:04:50,1.726,-3.2558,7.4531,32.15,32.71,5.225,660,900
6360,2019_04_12 20:04:51,2.0006,-0.6669,8.316,32.19,32.77,4.883,660,960
6361,2019_04_12 20:04:52,0.6669,-2.4713,7.1785,32.17,32.81,5.078,720,900
6362,2019_04_12 20:04:53,1.6475,-1.5298,8.1591,32.15,32.89,5.176,660,900
6363,2019_04_12 20:04:54,0.7845,-0.7453,7.4923,32.15,32.83,4.883,660,900
6364,2019_04_12 20:04:55,1.5691,-2.079,7.8061,32.17,32.83,4.98,720,960
6365,2019_04_12 20:04:56,1.4906,-1.2945,7.9238,32.15,32.81,5.322,660,900
6366,2019_04_12 20:04:57,1.7652,0.2746,8.9437,32.17,32.85,5.42,660,900
6367,2019_04_12 20:04:58,0.9807,3.3735,8.0415,32.17,32.97,5.029,720,900
6368,2019_04_12 20:04:59,1.2553,-0.9807,7.6492,32.19,32.83,5.322,660,900
6369,2019_04_12 20:05:00,0.7453,-3.8442,8.3945,32.17,32.89,4.932,660,960
6370,2019_04_12 20:05:01,1.7652,1.8044,7.9238,32.17,32.83,4.834,720,900
6371,2019_04_12 20:05:02,1.0983,-3.5696,7.2177,32.19,32.77,4.785,660,900
6372,2019_04_12 20:05:03,1.1768,-0.863,7.9238,32.17,32.91,4.932,690,900
6373,2019_04_12 20:05:04,0.7453,-1.1376,7.4531,32.17,32.85,5.762,690,960
6374,2019_04_12 20:05:05,1.3729,0.3923,9.4536,32.15,32.77,5.029,660,900
6375,2019_04_12 20:05:06,2.1575,-1.216,8.0022,32.19,32.85,4.883,690,900
6376,2019_04_12 20:05:07,1.8437,-2.7459,7.4531,32.17,32.85,4.883,690,900
6377,2019_04_12 20:05:08,0.4707,-0.5492,8.5906,32.19,32.85,5.225,660,960
6378,2019_04_12 20:05:09,1.216,3.4912,8.0415,32.19,32.89,5.127,720,900
6379,2019_04_12 20:05:10,0.9807,1.9221,7.963,32.19,32.95,4.98,660,900
6380,2019_04_12 20:05:11,0.1569,-3.9619,8.1984,32.17,32.85,5.518,660,900
6381,2019_04_12 20:05:12,1.4906,-2.9812,7.8453,32.17,32.89,4.785,720,960
6382,2019_04_12 20:05:13,0.3138,-3.2558,7.4138,32.17,32.85,4.834,660,900
6383,2019_04_12 20:05:14,0.9807,-1.3337,8.1984,32.19,32.97,4.932,660,900
6384,2019_04_12 20:05:15,2.1967,-1.0591,8.6299,32.17,32.91,5.078,720,900
6385,2019_04_12 20:05:16,1.1768,-1.0199,7.963,32.17,32.95,5.811,660,960
6386,2019_04_12 20:05:17,0.4707,-7.1,7.6492,32.19,32.97,5.371,690,900
6387,2019_04_12 20:05:18,0.4315,1.0591,7.963,32.17,32.85,5.273,690,900
6388,2019_04_12 20:05:19,1.2553,0.6669,8.0415,32.21,32.95,5.371,660,900
6389,2019_04_12 20:05:20,-0.5492,-3.4519,6.8647,32.17,32.81,5.029,720,960
6390,2019_04_12 20:05:21,0.5884,-3.0597,6.8647,32.15,32.85,4.932,660,900
6391,2019_04_12 20:05:22,1.0591,1.0199,8.0415,32.19,32.95,4.932,660,900
6392,2019_04_12 20:05:23,0.9414,-2.0006,7.61,32.17,32.89,4.883,720,900
6393,2019_04_12 20:05:24,1.1376,0.1961,8.3945,32.19,32.83,5.029,660,960
6394,2019_04_12 20:05:25,-0.6276,1.5691,7.3746,32.17,32.89,5.029,660,900
6395,2019_04_12 20:05:26,1.8044,-1.3337,7.7669,32.17,32.91,5.42,720,900
6396,2019_04_12 20:05:27,0.6276,-1.5691,7.7669,32.15,32.97,5.469,660,930
6397,2019_04_12 20:05:28,-1.0591,-2.1182,7.4531,32.17,32.99,5.615,690,930
6398,2019_04_12 20:05:29,1.1376,-2.8635,7.61,32.17,32.95,5.371,690,900
6407,2019_04_12 23:13:16,0.4315,-0.5884,7.963,31.99,31.63,5.762,660,900
6414,2019_04_12 23:13:20,-0.5884,-0.2354,8.826,31.97,31.71,5.762,660,900
6421,2019_04_12 23:13:24,0.863,-0.0785,8.0022,32.05,31.83,5.762,660,900
6422,2019_04_12 23:13:25,1.3337,4.2757,8.2768,32.03,31.81,6.396,750,930
6423,2019_04_12 23:13:25,1.9613,-1.3337,7.8061,31.99,31.77,6.25,660,960
6424,2019_04_12 23:13:26,2.079,-1.0983,8.1199,32.01,31.75,5.762,720,900
6425,2019_04_12 23:13:26,0.7061,-1.0983,7.61,32.01,31.75,5.664,660,960
6426,2019_04_12 23:13:27,2.432,0.5492,8.5122,32.01,31.81,6.348,720,900
6427,2019_04_12 23:13:27,1.6083,-3.4127,7.4531,32.01,31.77,5.713,720,960
6428,2019_04_12 23:13:28,1.0983,-0.8238,8.0807,32.01,31.83,5.469,660,900
6429,2019_04_12 23:13:28,0.353,3.9227,8.4729,31.99,31.83,5.566,720,960
6430,2019_04_12 23:13:29,2.2359,0.2746,7.61,31.99,31.75,5.908,660,960
6431,2019_04_12 23:13:29,-0.2354,-3.4912,7.6492,32.01,31.85,5.762,720,900
6432,2019_04_12 23:13:30,0.6669,0.3923,8.2768,32.01,31.83,6.445,720,960
6433,2019_04_12 23:13:31,1.8044,0.7845,8.3553,32.03,31.81,6.396,660,900
6434,2019_04_12 23:13:31,2.4713,-0.4315,8.316,32.01,31.85,5.664,720,960
6435,2019_04_12 23:13:32,0.5884,1.9221,7.8061,31.99,31.77,5.371,660,900
6436,2019_04_12 23:13:32,0.7061,-5.2956,7.5315,32.01,31.85,6.055,720,960
6437,2019_04_12 23:13:33,1.3729,-0.6669,7.61,31.99,31.83,5.615,690,960
6438,2019_04_12 23:13:34,0.8238,0.2746,8.2376,32.01,31.77,5.518,690,900
6439,2019_04_12 23:13:35,1.8044,-3.5696,8.1199,32.01,31.83,6.201,720,960
6440,2019_04_12 23:13:36,0.0392,-2.0006,7.7669,31.99,31.75,5.957,660,900
6441,2019_04_12 23:13:37,0.9022,-2.1575,7.7669,32.01,31.85,6.152,720,960
6442,2019_04_12 23:13:38,0.7453,0.0392,8.2376,31.99,31.85,5.469,660,900
6443,2019_04_12 23:13:39,-0.7061,-1.6083,7.0608,32.01,31.89,5.713,720,960
6444,2019_04_12 23:13:40,1.1376,-1.8437,7.61,32.03,31.91,5.518,690,900
6445,2019_04_12 23:13:41,0.3138,2.1967,8.1591,32.01,31.97,6.25,690,960
6446,2019_04_12 23:13:42,0.7061,3.1381,8.1984,31.99,31.89,5.713,720,900
6447,2019_04_12 23:13:43,0.353,-1.0983,7.7276,31.97,31.85,5.518,660,960
6448,2019_04_12 23:13:44,2.4713,-0.1961,8.316,32.01,31.95,5.566,720,960
6449,2019_04_12 23:13:45,2.3928,0.0785,7.6492,31.99,31.95,6.104,690,900
6450,2019_04_12 23:13:46,1.4514,1.1376,8.0415,31.99,31.95,5.811,690,960
6451,2019_04_12 23:13:47,1.4514,2.432,8.4337,32.03,31.95,5.811,720,900
6452,2019_04_12 23:13:48,2.3144,-3.4127,7.9238,31.99,31.91,5.225,660,960
6453,2019_04_12 23:13:49,0.5492,-1.5298,7.7669,31.99,31.99,5.957,720,900
6454,2019_04_12 23:13:50,0.353,0.4707,8.0415,31.99,31.95,5.225,660,960
6455,2019_04_12 23:13:51,0.9414,-0.9414,7.8453,32.01,31.99,6.006,720,930
6456,2019_04_12 23:13:52,0.1961,-1.2945,7.1392,31.99,31.91,5.566,720,930
6457,2019_04_12 23:13:53,0.9807,-1.2553,7.4138,32.05,32.03,5.371,660,960
6458,2019_04_12 23:13:54,-0.4315,-3.3343,7.6884,32.03,31.97,5.42,720,900
6459,2019_04_12 23:13:55,1.0983,-0.863,7.61,32.03,32.03,6.348,660,960
6460,2019_04_12 23:13:56,0.7845,0.1569,8.2768,32.01,31.95,6.104,720,900
6461,2019_04_12 23:13:57,1.216,-2.8243,8.1984,31.99,31.99,5.518,660,960
6462,2019_04_12 23:13:58,1.3729,-3.0204,8.2376,32.01,31.95,6.25,720,900
6463,2019_04_12 23:13:59,1.3729,-4.668,7.5315,32.03,31.97,6.152,690,960
6464,2019_04_12 23:14:00,0.6276,-0.3138,8.3553,32.03,31.99,5.371,690,900
6465,2019_04_12 23:14:01,1.1768,-2.7459,7.3746,31.99,31.95,5.908,720,960
6466,2019_04_12 23:14:02,0.0785,-2.1182,7.2177,32.01,31.99,5.762,660,900
6467,2019_04_12 23:14:03,0.2354,-2.3928,7.2961,32.03,32.03,5.371,720,960
6468,2019_04_12 23:14:04,1.0591,-2.1967,7.3354,32.01,31.99,5.615,660,900
6469,2019_04_12 23:14:05,0.7453,0.2746,7.8061,32.05,32.05,5.908,720,960
6470,2019_04_12 23:14:06,0.0392,2.589,8.5906,32.05,32.03,5.566,660,900
6471,2019_04_12 23:14:07,1.0199,-3.2558,7.3746,32.03,32.03,5.615,720,960
6472,2019_04_12 23:14:08,-0.1177,-1.9221,7.61,32.03,32.09,5.908,720,960
6473,2019_04_12 23:14:09,1.8829,1.7652,7.8845,32.05,31.99,5.469,660,900
6474,2019_04_12 23:14:10,1.3729,1.6475,8.0022,32.03,32.05,5.42,720,960
6475,2019_04_12 23:14:11,4.0403,-4.0796,8.316,32.05,32.09,5.566,660,900
6476,2019_04_12 23:14:12,1.0983,-3.0204,8.0022,32.03,32.05,5.225,720,960
6477,2019_04_12 23:14:13,1.6867,-0.3138,8.0415,32.01,31.99,5.713,720,900
6478,2019_04_12 23:14:14,1.3337,-2.6674,8.0807,32.05,32.05,6.152,660,960
6479,2019_04_12 23:14:15,0.4707,0.4707,7.8453,32.01,32.03,5.664,720,960
6480,2019_04_12 23:14:16,1.1768,-1.0983,8.1591,32.05,31.99,5.371,660,900
6481,2019_04_12 23:14:17,0,1.8437,8.0807,32.03,32.09,5.42,720,960
6482,2019_04_12 23:14:18,0.3923,2.3928,8.9829,32.05,32.09,5.566,720,900
6483,2019_04_12 23:14:19,0.9807,0.353,7.61,32.03,32.05,5.176,660,960
6484,2019_04_12 23:14:20,-0.1961,-3.1774,7.8845,32.03,32.05,5.42,720,960
6485,2019_04_12 23:14:21,1.216,-1.0983,8.316,32.03,32.09,5.42,690,900
6486,2019_04_12 23:14:22,1.2945,1.2553,8.5906,32.05,32.05,5.615,690,960
6487,2019_04_12 23:14:23,1.216,0.4315,7.5315,32.03,32.03,5.664,720,900
6488,2019_04_12 23:14:24,0.8238,3.0989,8.5906,32.05,32.11,5.518,660,960
6489,2019_04_12 23:14:25,0.4707,1.2945,8.3553,32.03,32.05,5.859,720,960
6490,2019_04_12 23:14:26,0.7845,-3.1774,7.0608,32.01,32.05,5.908,720,900
6491,2019_04_12 23:14:27,0.4707,-0.2354,8.0807,32.03,32.09,5.615,660,960
6492,2019_04_12 23:14:28,0.2354,0.863,8.0807,32.01,32.17,5.273,720,900
6493,2019_04_12 23:14:29,-0.2746,-2.7066,7.61,32.03,32.11,5.518,660,960
6494,2019_04_12 23:14:30,1.4906,-0.9414,7.5315,32.03,32.09,5.371,720,960
6495,2019_04_12 23:14:31,1.726,1.1376,8.2376,32.03,32.09,5.225,720,900
6496,2019_04_12 23:14:32,1.8437,-0.2746,7.9238,32.03,32.11,5.615,660,960
6497,2019_04_12 23:14:33,1.9221,-4.9033,7.3354,32.05,32.09,5.371,720,900
6498,2019_04_12 23:14:34,1.0591,2.7066,8.5122,32.03,32.17,5.566,690,960
6499,2019_04_12 23:14:35,-0.0392,0,7.8845,32.05,32.17,5.615,690,960
6500,2019_04_12 23:14:36,2.0006,-3.4912,7.7276,32.05,32.19,5.42,720,900
6501,2019_04_12 23:14:37,2.0398,4.0011,8.0415,32.01,32.11,5.322,660,960
6502,2019_04_12 23:14:38,1.9221,0.2746,7.7276,32.01,32.19,5.469,720,900
6503,2019_04_12 23:14:39,-0.3138,-1.5691,7.1785,32.03,32.13,6.055,690,960
6504,2019_04_12 23:14:40,0.3138,-0.1961,7.2961,32.03,32.13,5.42,690,900
6505,2019_04_12 23:14:41,-0.0392,-2.3144,7.4923,32.03,32.19,5.176,720,960
6506,2019_04_12 23:14:42,1.1768,0.9414,8.3553,32.05,32.19,5.908,660,930
6507,2019_04_12 23:14:43,-0.3923,-3.5304,7.0216,32.03,32.19,5.811,720,930
6508,2019_04_12 23:14:44,1.6475,-2.1967,7.8061,32.05,32.19,5.469,660,960
6509,2019_04_12 23:14:45,1.4122,-2.9812,7.7669,32.01,32.21,5.615,720,900
6510,2019_04_12 23:14:46,0.7845,-1.0591,7.4531,32.05,32.21,5.615,720,960
6511,2019_04_12 23:14:47,1.5298,2.589,8.1591,32.03,32.21,5.029,660,900
6512,2019_04_12 23:14:48,0.2746,-3.5696,7.2177,32.01,32.25,5.371,720,960
6513,2019_04_12 23:14:49,1.1768,5.8448,8.4337,32.05,32.31,6.152,690,960
6514,2019_04_12 23:14:50,1.1768,-4.3542,7.2177,32.05,32.31,6.104,690,900
6515,2019_04_12 23:14:51,1.6867,-0.5492,8.7475,32.11,32.27,5.762,720,960
6516,2019_04_12 23:14:52,0.2746,0.5492,8.2768,32.03,32.17,5.469,660,900
6517,2019_04_12 23:14:53,1.0591,-3.5696,8.1984,32.05,32.21,5.322,720,960
6518,2019_04_12 23:14:54,-0.353,1.5298,7.4138,32.05,32.25,5.225,660,900
6519,2019_04_12 23:14:55,1.4906,1.8044,8.1591,32.03,32.19,5.615,720,960
6520,2019_04_12 23:14:56,0.9807,-3.0597,7.3354,32.03,32.21,5.957,720,960
6521,2019_04_12 23:14:57,2.432,2.942,8.2768,32.03,32.25,5.42,660,900
6522,2019_04_12 23:14:58,1.216,-0.0785,7.6884,32.05,32.31,5.225,720,960
6523,2019_04_12 23:14:59,1.1376,-3.2166,7.7276,32.05,32.21,5.322,660,900
6524,2019_04_12 23:15:00,0.3923,0.7845,8.0022,32.05,32.21,5.371,720,960
6525,2019_04_12 23:15:01,1.9613,-4.3934,7.2961,32.01,32.17,5.371,720,900
6526,2019_04_12 23:15:02,1.0591,0.1569,7.9238,32.05,32.31,5.322,660,960
6527,2019_04_12 23:15:03,0.2354,-3.9619,7.61,32.11,32.33,5.225,720,960
6528,2019_04_12 23:15:04,0.5884,-2.1967,7.6492,32.05,32.21,5.322,660,900
6529,2019_04_12 23:15:05,0.0392,-1.6475,7.5315,32.05,32.31,5.176,720,960
6530,2019_04_12 23:15:06,-0.4315,-1.5298,8.316,32.03,32.33,5.469,720,900
6531,2019_04_12 23:15:07,-0.0785,-1.726,6.9823,32.09,32.33,5.908,660,960
6532,2019_04_12 23:15:08,0.5492,1.2945,8.4337,32.09,32.33,5.811,720,960
6533,2019_04_12 23:15:09,0.5884,-2.7851,7.1785,32.09,32.33,5.371,690,900
6534,2019_04_12 23:15:10,2.2359,-4.2757,7.4923,32.09,32.33,5.322,690,960
6535,2019_04_12 23:15:11,0.4315,-1.5298,7.8061,32.09,32.31,5.176,720,900
6536,2019_04_12 23:15:12,2.8635,-0.1177,8.2376,32.09,32.33,5.273,660,960
6537,2019_04_12 23:15:13,0.1961,-1.0983,7.7276,32.09,32.33,5.273,720,960
6538,2019_04_12 23:15:14,-0.7453,-3.6481,7.5315,32.09,32.27,5.42,720,900
6539,2019_04_12 23:15:15,0.9022,-3.0989,7.4138,32.05,32.33,5.566,660,960
6540,2019_04_12 23:15:16,1.0591,-1.3337,7.3746,32.09,32.35,5.469,720,900
6541,2019_04_12 23:15:17,-0.7453,-3.6088,7.1785,32.09,32.39,5.127,660,960
6542,2019_04_12 23:15:18,1.6475,1.9221,7.9238,32.03,32.33,5.664,720,900
6543,2019_04_12 23:15:19,0.2746,-0.8238,7.7276,32.09,32.31,5.615,720,960
6544,2019_04_12 23:15:20,1.9613,0.0785,7.8845,32.05,32.31,5.615,660,960
6545,2019_04_12 23:15:21,0.3923,-1.5298,7.7669,32.05,32.39,5.859,720,900
6546,2019_04_12 23:15:22,3.0989,-1.0199,9.4144,32.11,32.41,5.762,660,960
6547,2019_04_12 23:15:23,0.0392,-0.3923,8.2768,32.11,32.35,5.127,720,900
6548,2019_04_12 23:15:24,2.1967,-3.7265,7.9238,32.09,32.35,5.762,720,960
6549,2019_04_12 23:15:25,1.9221,-4.1188,8.1591,32.11,32.35,4.98,660,900
6550,2019_04_12 23:15:26,0.7453,1.0199,7.61,32.11,32.33,5.908,720,960
6551,2019_04_12 23:15:27,1.6867,-0.3923,7.6492,32.09,32.39,5.42,660,960
6552,2019_04_12 23:15:28,1.0199,1.4906,8.1199,32.05,32.35,5.176,720,900
6553,2019_04_12 23:15:29,0.5099,-1.3729,7.7669,32.05,32.39,5.225,690,960
6554,2019_04_12 23:15:30,-0.3138,-0.7061,7.8453,32.05,32.41,5.713,690,900
6555,2019_04_12 23:15:31,0.9022,0.1961,8.4729,32.09,32.41,5.273,720,960
6556,2019_04_12 23:15:32,1.216,1.4906,7.61,32.11,32.45,4.834,660,900
6557,2019_04_12 23:15:33,2.079,1.9221,7.9238,32.11,32.45,4.98,720,960
6558,2019_04_12 23:15:34,1.216,-1.726,8.5122,32.09,32.39,5.273,660,930
6559,2019_04_12 23:15:35,0.4707,-0.1569,7.7669,32.15,32.45,5.42,720,930
6560,2019_04_12 23:15:36,1.0983,-0.4707,7.9238,32.11,32.49,5.908,720,960
6561,2019_04_12 23:15:37,1.5691,0.6669,8.316,32.11,32.47,5.615,660,900
6562,2019_04_12 23:15:38,3.2166,-3.0597,8.7868,32.11,32.59,5.225,720,960
6563,2019_04_12 23:15:39,0.9807,0.9414,7.6492,32.11,32.49,4.98,660,900
6564,2019_04_12 23:15:40,1.5691,-3.6481,8.2768,32.11,32.47,5.029,720,960
6565,2019_04_12 23:15:41,1.2945,-2.3144,7.5707,32.09,32.53,5.371,720,960
6566,2019_04_12 23:15:42,2.7459,-2.4713,7.8845,32.09,32.47,5.322,660,900
6567,2019_04_12 23:15:43,0.0392,-7.0608,7.2961,32.13,32.53,5.225,720,960
6568,2019_04_12 23:15:44,1.2945,0.7845,8.316,32.13,32.47,5.811,690,900
6569,2019_04_12 23:15:45,2.4713,-2.2751,7.963,32.13,32.45,5.078,690,960
6570,2019_04_12 23:15:46,1.4122,-1.0591,8.3945,32.15,32.53,5.713,720,900
6571,2019_04_12 23:15:47,0.2746,-5.1387,7.2569,32.13,32.53,5.322,660,960
6572,2019_04_12 23:15:48,0.5492,-1.1768,7.61,32.13,32.53,5.127,720,960
6573,2019_04_12 23:15:49,1.4122,-0.7453,8.0415,32.15,32.47,5.664,660,900
6574,2019_04_12 23:15:50,0.9022,-0.3923,7.2569,32.13,32.49,5.469,720,960
6575,2019_04_12 23:15:51,1.4906,-0.1961,8.0415,32.15,32.55,5.322,720,900
6576,2019_04_12 23:15:52,1.216,-1.3729,7.4531,32.15,32.53,5.859,660,960
6577,2019_04_12 23:15:53,2.1182,-2.5497,7.8845,32.13,32.45,5.127,720,900
6578,2019_04_12 23:15:54,0.6276,0.0392,7.4531,32.13,32.47,5.078,660,960
6579,2019_04_12 23:15:55,0.4707,0.2746,8.2376,32.17,32.53,4.932,720,900
6580,2019_04_12 23:15:56,1.216,1.2553,8.6691,32.11,32.47,5.029,690,960
6581,2019_04_12 23:15:57,1.4514,-0.6276,7.6884,32.17,32.53,5.176,690,960
6582,2019_04_12 23:15:58,1.5691,-1.0199,8.1199,32.15,32.53,5.469,720,900
6583,2019_04_12 23:15:59,-0.0785,0.4315,8.0807,32.15,32.55,5.762,660,960
6584,2019_04_12 23:16:00,1.5298,-0.353,8.9044,32.15,32.61,5.664,720,900
6585,2019_04_12 23:16:01,0.7453,-2.1182,7.963,32.15,32.49,5.078,660,960
6586,2019_04_12 23:16:02,0.7453,-0.6669,7.7669,32.15,32.47,5.176,720,900
6587,2019_04_12 23:16:03,1.726,-2.2751,8.1199,32.13,32.49,5.225,690,960
6588,2019_04_12 23:16:04,0.5099,-3.1774,7.4138,32.13,32.49,5.42,690,900
6589,2019_04_12 23:16:05,0.3923,1.0199,8.5122,32.13,32.49,4.98,720,960
6590,2019_04_12 23:16:06,0.7061,-1.6867,8.0415,32.17,32.53,5.762,660,900
6591,2019_04_12 23:16:07,0.5492,-2.5497,7.0608,32.15,32.55,4.98,720,960
6592,2019_04_12 23:16:08,1.726,2.1182,8.1591,32.13,32.49,5.42,660,930
6593,2019_04_12 23:16:09,-0.0392,-2.3536,7.4138,32.13,32.55,5.273,720,930
6594,2019_04_12 23:16:10,2.2359,-0.1177,8.316,32.15,32.59,5.176,720,960
6595,2019_04_12 23:16:11,2.1967,-1.0983,8.2768,32.13,32.53,5.908,660,900
6596,2019_04_12 23:16:12,2.2359,-3.5696,7.8453,32.15,32.55,5.371,720,960
6597,2019_04_12 23:16:13,1.7652,0.5884,8.9044,32.15,32.67,5.762,660,900
6598,2019_04_12 23:16:14,2.3536,-1.726,8.6691,32.17,32.53,5.566,720,960
6599,2019_04_12 23:16:15,2.1182,0.3138,7.8453,32.17,32.55,5.469,690,900
6600,2019_04_12 23:16:16,1.4906,-2.7459,7.8061,32.15,32.53,5.664,690,960
6601,2019_04_12 23:16:17,2.4713,1.3337,8.6691,32.19,32.59,5.469,720,930
6602,2019_04_12 23:16:18,0.6276,-2.5497,7.4923,32.17,32.61,5.908,660,930
6603,2019_04_12 23:16:19,1.726,-1.6475,7.6492,32.15,32.49,5.859,720,960
6604,2019_04_12 23:16:20,1.216,-0.5099,8.4729,32.17,32.59,5.615,690,900
6605,2019_04_12 23:16:21,1.4514,-2.079,8.1591,32.17,32.49,5.42,690,960
6606,2019_04_12 23:16:22,0,-0.353,8.1199,32.15,32.63,5.713,720,900
6607,2019_04_12 23:16:23,1.3337,-0.353,8.7868,32.17,32.75,5.029,660,960
6608,2019_04_12 23:16:24,0.9807,-2.5497,7.6884,32.19,32.61,5.713,720,900
6609,2019_04_12 23:16:25,0.9414,-0.6276,7.4531,32.17,32.69,5.566,660,960
6610,2019_04_12 23:16:26,1.0983,-2.2359,8.2376,32.17,32.67,5.371,720,960
6611,2019_04_12 23:16:27,1.0199,-2.7066,7.3354,32.19,32.61,5.176,720,900
6612,2019_04_12 23:16:28,1.9613,0.4315,7.8061,32.19,32.61,5.957,660,960
6613,2019_04_12 23:16:29,1.5691,-2.2751,7.8061,32.17,32.69,5.371,720,900
6614,2019_04_12 23:16:30,2.6282,0.2746,8.826,32.19,32.67,5.176,660,960
6615,2019_04_12 23:16:31,-0.3138,-0.0392,8.0022,32.15,32.55,5.664,720,900
6616,2019_04_12 23:16:32,1.7652,-2.1182,7.4138,32.15,32.71,5.469,660,960
6617,2019_04_12 23:16:33,2.7851,-1.0591,7.9238,32.21,32.69,5.322,720,900
6618,2019_04_12 23:16:34,0.7061,-1.6867,8.2376,32.17,32.67,5.762,690,960
6619,2019_04_12 23:16:35,0.8238,-2.3536,7.7669,32.15,32.61,5.322,690,900
6620,2019_04_12 23:16:36,0.1177,-1.1376,7.7276,32.17,32.63,5.664,690,960
6621,2019_04_12 23:16:37,0.4315,-0.8238,7.5315,32.17,32.63,5.713,690,900
6622,2019_04_12 23:16:38,0.5099,-0.6669,8.2376,32.19,32.59,5.078,690,960
6623,2019_04_12 23:16:39,2.3144,-2.1182,7.2961,32.17,32.63,4.98,690,900
6624,2019_04_12 23:16:40,0.863,3.8442,8.3553,32.19,32.53,5.518,660,900
6625,2019_04_12 23:16:41,2.5497,-2.432,8.1591,32.15,32.63,5.566,720,960
6626,2019_04_12 23:16:42,1.6475,-4.0796,7.7669,32.21,32.53,5.225,660,900
6627,2019_04_12 23:16:43,1.6867,1.6083,8.4337,32.17,32.59,5.029,720,960
6628,2019_04_12 23:16:44,0.7061,-1.4122,8.2376,32.17,32.63,5.225,660,900
6629,2019_04_12 23:16:45,0.4707,0.1569,7.963,32.19,32.67,5.566,720,960
6630,2019_04_12 23:16:46,-0.0785,-3.6481,7.2961,32.17,32.63,5.078,660,900
6631,2019_04_12 23:16:47,0.353,-1.4122,7.61,32.19,32.69,5.518,720,930
6632,2019_04_12 23:16:48,1.6475,0.863,8.316,32.17,32.59,5.615,660,930
6633,2019_04_12 23:16:49,1.0983,-0.8238,7.9238,32.17,32.59,5.713,720,900
6634,2019_04_12 23:16:50,0.5492,-1.726,7.963,32.17,32.61,5.664,660,960
6635,2019_04_12 23:16:51,0.5492,-1.0591,7.2961,32.21,32.69,5.176,720,900
6636,2019_04_12 23:16:52,2.3536,-0.1569,8.3553,32.21,32.75,5.371,660,960
6637,2019_04_12 23:16:53,0.7845,0.2354,8.1591,32.21,32.75,5.078,720,900
6638,2019_04_12 23:16:54,0.863,-1.4514,7.7276,32.21,32.75,5.371,660,900
6639,2019_04_12 23:16:55,0.9414,-5.5702,6.9823,32.21,32.69,5.469,720,960
6640,2019_04_12 23:16:56,0.2746,-1.2553,8.3553,32.19,32.63,5.664,660,900
6641,2019_04_12 23:16:57,2.3928,0.0392,8.4729,32.19,32.67,5.322,720,960
6642,2019_04_12 23:16:58,1.216,-4.5895,7.3354,32.19,32.63,5.225,660,900
6643,2019_04_12 23:16:59,1.1768,-3.2166,8.2768,32.19,32.75,5.322,720,900
6644,2019_04_12 23:17:00,1.0983,3.4127,8.6691,32.19,32.67,5.42,660,960
6645,2019_04_12 23:17:01,2.2751,-5.1779,7.4138,32.21,32.71,5.273,720,900
6646,2019_04_12 23:17:02,2.1182,-1.9221,8.1591,32.19,32.69,5.566,660,960
6647,2019_04_12 23:17:03,1.9613,-0.6276,7.8845,32.21,32.81,5.176,720,900
6648,2019_04_12 23:17:04,1.9613,-0.0785,7.8061,32.19,32.77,5.664,660,960
6649,2019_04_12 23:17:05,1.2553,-2.8243,7.6884,32.19,32.81,5.615,720,900
6650,2019_04_12 23:17:06,1.5691,-0.6669,7.4923,32.19,32.81,5.225,660,960
6651,2019_04_12 23:17:07,-0.2746,0.1177,8.1199,32.21,32.75,5.664,720,900
6652,2019_04_12 23:17:08,-1.1768,-2.0398,7.4923,32.21,32.85,5.566,660,900
6653,2019_04_12 23:17:09,0.1961,-1.2945,7.6492,32.21,32.75,5.127,720,960
6654,2019_04_12 23:17:10,0.7453,-1.0591,7.5315,32.21,32.75,5.176,660,900
6655,2019_04_12 23:17:11,0.3138,-1.2553,7.6884,32.21,32.77,4.883,690,900
6656,2019_04_12 23:17:12,1.7652,1.2945,8.0415,32.21,32.69,5.176,690,960
6657,2019_04_12 23:17:13,1.216,-0.9414,7.8061,32.23,32.75,4.98,660,900
6658,2019_04_12 23:17:14,1.8044,0.7845,8.1591,32.21,32.75,5.322,720,960
6659,2019_04_12 23:17:15,0.4707,1.1768,8.1199,32.21,32.81,4.932,660,900
6660,2019_04_12 23:17:16,0.7845,0.5492,8.7868,32.23,32.71,5.518,720,900
6661,2019_04_12 23:17:17,0.5884,-2.6282,7.5707,32.23,32.69,5.225,660,960
6662,2019_04_12 23:17:18,2.2359,-2.5497,7.8453,32.21,32.81,5.029,720,900
6663,2019_04_12 23:17:19,1.2553,-2.3536,8.1591,32.23,32.85,4.883,660,900
6664,2019_04_12 23:17:20,0.7061,1.4906,8.3945,32.25,32.89,5.273,660,960
6665,2019_04_12 23:17:21,2.1967,-4.1188,7.4531,32.23,32.83,5.518,720,900
6666,2019_04_12 23:17:22,0.9807,0.5884,7.5315,32.21,32.77,5.322,660,900
6667,2019_04_12 23:17:23,0.6276,-6.3939,7.4531,32.23,32.71,5.42,720,960
6668,2019_04_12 23:17:24,0.7453,-3.3735,7.2569,32.21,32.69,5.713,660,900
6669,2019_04_12 23:17:25,1.4514,1.0983,7.4138,32.23,32.71,5.469,720,960
6670,2019_04_12 23:17:26,1.1768,-0.8238,8.3945,32.23,32.81,5.42,660,900
6671,2019_04_12 23:17:27,0.7061,-2.3144,7.2961,32.23,32.83,4.932,720,900
6672,2019_04_12 23:17:28,1.3729,-0.0392,8.2768,32.23,32.71,5.029,660,960
6673,2019_04_12 23:17:29,0.7061,-0.7845,7.61,32.25,32.75,5.078,660,900
6674,2019_04_12 23:17:30,0.863,1.0591,7.3746,32.23,32.81,5.127,720,900
6675,2019_04_12 23:17:31,0.2746,-2.8635,8.3553,32.25,32.67,5.42,660,960
6676,2019_04_12 23:17:32,0.5884,-2.9812,8.1984,32.21,32.85,4.883,720,900
6677,2019_04_12 23:17:33,1.3729,-1.8437,7.963,32.23,32.77,5.566,660,900
6678,2019_04_12 23:17:34,0.5884,-1.1768,8.0807,32.23,32.85,5.42,660,960
6679,2019_04_12 23:17:35,0.8238,-1.3729,8.1199,32.25,32.77,4.932,720,900
6680,2019_04_12 23:17:36,1.4514,-2.942,7.5707,32.23,32.75,4.98,660,900
6681,2019_04_12 23:17:37,2.1182,-3.3343,7.2177,32.25,32.77,5.518,720,930
6682,2019_04_12 23:17:38,2.1575,-1.216,8.6691,32.25,32.83,4.883,660,930
6683,2019_04_12 23:17:39,1.8437,-1.1768,7.8453,32.25,32.77,5.078,690,900
6684,2019_04_12 23:17:40,1.3337,-2.7066,7.8061,32.25,32.77,5.518,690,930
6685,2019_04_12 23:17:41,0.7845,0,7.5707,32.23,32.75,5.078,660,930
6686,2019_04_12 23:17:42,0.3138,2.6674,7.8061,32.25,32.75,5.078,720,900
6687,2019_04_12 23:17:43,1.6083,-5.5702,8.0807,32.25,32.83,5.518,660,900
6688,2019_04_12 23:17:44,1.3729,-0.1961,7.9238,32.25,32.83,5.566,720,960
6689,2019_04_12 23:17:45,2.589,1.7652,8.6691,32.21,32.83,5.42,660,900
6690,2019_04_12 23:17:46,0.6669,-1.6475,7.7276,32.23,32.85,4.785,660,900
6691,2019_04_12 23:17:47,0.2354,3.0597,8.3553,32.23,32.97,5.762,720,960
6692,2019_04_12 23:17:48,-0.6669,2.2751,7.8845,32.27,32.91,5.469,660,900
6693,2019_04_12 23:17:49,0.2354,2.5105,7.7669,32.23,32.85,5.371,690,900
6694,2019_04_12 23:17:50,1.5691,-1.4514,7.61,32.31,32.95,5.371,690,960
6695,2019_04_12 23:17:51,0.9414,0.5099,8.3553,32.23,32.85,4.932,660,900
6696,2019_04_12 23:17:53,-0.3138,0.353,7.7276,32.25,32.85,5.859,720,900
6697,2019_04_12 23:17:53,2.0006,-4.2757,7.8453,32.23,32.83,5.078,660,900
6698,2019_04_12 23:17:55,0.8238,-0.9807,7.8845,32.25,32.83,5.127,690,960
6699,2019_04_12 23:17:55,1.1768,-1.5298,7.61,32.23,32.77,5.469,690,900
6700,2019_04_12 23:17:57,-0.0392,-1.4122,7.1,32.27,32.75,4.98,660,900
6701,2019_04_12 23:17:57,0.3138,-1.9613,7.6884,32.23,32.89,5.029,720,960
6702,2019_04_12 23:17:59,0.3923,-1.2553,8.9044,32.25,32.77,5.615,660,900
6703,2019_04_12 23:17:59,1.3729,-1.1376,7.8061,32.25,32.77,5.664,660,900
6704,2019_04_12 23:18:01,1.6867,-0.1961,8.0415,32.23,32.83,4.932,720,900
6705,2019_04_12 23:18:01,0.5492,0.1177,8.0807,32.25,32.77,5.811,660,960
6706,2019_04_12 23:18:03,0.353,-5.021,7.9238,32.21,32.95,5.127,660,900
6707,2019_04_12 23:18:04,1.6475,-3.3735,8.1591,32.23,32.81,5.029,720,900
6708,2019_04_12 23:18:05,1.5298,-2.9028,7.7669,32.25,32.83,5.518,660,930
6709,2019_04_12 23:18:06,1.0591,-0.353,8.0415,32.25,32.89,5.762,720,930
6710,2019_04_12 23:18:07,0.3138,-3.0204,7.3354,32.23,32.91,-0.244,600,840
